Date,EBAY,NVDA,YHOO,AAPL
1/4/2010,23.9,18.49,17.1,214.009998
1/5/2010,23.65,18.76,17.23,214.379993
1/6/2010,23.5,18.879999,17.17,210.969995
1/7/2010,23.229998,18.51,16.700001,210.58
1/8/2010,23.509999,18.549999,16.700001,211.980005
1/11/2010,23.45,18.290001,16.74,210.110003
1/12/2010,23.19,17.67,16.68,207.720001
1/13/2010,23.6,17.91,16.9,210.650002
1/14/2010,22.88,17.629999,17.120001,209.43
1/15/2010,22.469998,17.110001,16.82,205.93
1/19/2010,23.259999,17.43,16.75,215.039995
1/20/2010,22.23,17.360001,16.379999,211.73
1/21/2010,24.129998,17.049999,16.200001,208.069996
1/22/2010,23.579998,16.459999,15.88,197.75
1/25/2010,23.69,16.74,15.86,203.070002
1/26/2010,24.069999,16.209999,15.99,205.940001
1/27/2010,23.969999,16.65,15.98,207.880005
1/28/2010,23.329998,16.09,15.44,199.289995
1/29/2010,23.019999,15.39,15.01,192.060003
2/1/2010,23.169999,16.57,15.05,194.729998
2/2/2010,23.079998,16.74,15.17,195.859997
2/3/2010,23.229998,16.879999,15.46,199.229994
2/4/2010,22.449999,15.9,15.01,192.050003
2/5/2010,22.709999,16.219999,15.19,195.460001
2/8/2010,22.49,16.190001,14.99,194.119997
2/9/2010,22.369998,16.059999,15.07,196.190004
2/10/2010,21.959999,16.370001,14.8,195.120007
2/11/2010,22.13,17.120001,15.22,198.669994
2/12/2010,21.769998,17.35,15.17,200.379993
2/16/2010,22.519998,17.67,15.41,203.399996
2/17/2010,22.68,17.84,15.44,202.550003
2/18/2010,22.84,16.67,15.54,202.929998
2/19/2010,23.419999,16.58,15.58,201.669996
2/22/2010,23.279998,16.610001,15.49,200.419994
2/23/2010,22.89,16.209999,15.38,197.059998
2/24/2010,23.259999,16.549999,15.59,200.66
2/25/2010,23,16.4,15.24,202.000004
2/26/2010,23.019999,16.200001,15.31,204.619997
3/1/2010,23.879998,16.85,15.79,208.990004
3/2/2010,23.99,16.84,15.73,208.85
3/3/2010,23.509999,16.629999,15.57,209.329998
3/4/2010,23.779998,16.66,15.81,210.710003
3/5/2010,24.629999,17.17,16.059999,218.950005
3/8/2010,24.839998,16.92,16.52,219.079994
3/9/2010,25.51,17.549999,16.530001,223.020004
3/10/2010,25.56,17.59,16.790001,224.839993
3/11/2010,25.439998,17.190001,16.530001,225.500008
3/12/2010,25.969999,17.25,16.32,226.600006
3/15/2010,26.279999,17.16,16.459999,223.839996
3/16/2010,26.789999,17.76,16.360001,224.449997
3/17/2010,26.979999,18.1,16.5,224.120003
3/18/2010,27.46,17.459999,16.559999,224.650002
3/19/2010,27.189999,17.25,16.440001,222.25
3/22/2010,27.07,17.530001,16.34,224.750004
3/23/2010,27.049998,17.889999,16.030001,228.359993
3/24/2010,26.939999,17.290001,16.09,229.370003
3/25/2010,27.559998,17.34,16.32,226.649994
3/26/2010,27.449998,17.34,16.540001,230.899998
3/29/2010,27.279999,17.559999,16.559999,232.389992
3/30/2010,27.139999,17.629999,16.610001,235.849991
3/31/2010,26.97,17.4,16.530001,235.000011
4/1/2010,26.57,17.219999,16.290001,235.969994
4/5/2010,27.37,17.48,16.51,238.489998
4/6/2010,27.27,17.049999,16.92,239.540009
4/7/2010,26.849998,17.16,16.870001,240.600006
4/8/2010,26.46,16.879999,17.35,239.950005
4/9/2010,26.549998,16.99,17.52,241.789993
4/12/2010,26.629999,17.299999,17.639999,242.290005
4/13/2010,26.639999,17.66,18.18,242.430008
4/14/2010,27.039999,17.879999,18.379999,245.690002
4/15/2010,26.979999,18.01,18.969999,248.92001
4/16/2010,26.329999,17.059999,18.17,247.400002
4/19/2010,26.32,16.98,18.389999,247.070007
4/20/2010,26.399998,17.040001,18.379999,244.590004
4/21/2010,26.289999,16.6,17.450001,259.220005
4/22/2010,24.779999,16.67,17.719999,266.469997
4/23/2010,24.55,16.440001,17.639999,270.82999
4/26/2010,24.559999,16.6,17.389999,269.5
4/27/2010,23.769999,16.129999,16.92,262.039989
4/28/2010,23.99,16.16,16.75,261.600006
4/29/2010,24.24,16.65,16.969999,268.640007
4/30/2010,23.779998,15.71,16.530001,261.090008
5/3/2010,23.909999,15.54,16.950001,266.349995
5/4/2010,23.079998,14.75,16.32,258.679993
5/5/2010,22.659999,14.5,16.49,255.989998
5/6/2010,22.269998,14.2,15.92,246.249989
5/7/2010,21.48,13.96,15.29,235.860004
5/10/2010,22.33,14.56,16.33,253.990005
5/11/2010,22.38,14.4,16.41,256.519997
5/12/2010,22.509999,14.68,16.469999,262.090004
5/13/2010,22.68,14.65,16.139999,258.360012
5/14/2010,22.249999,12.96,16.389999,253.819988
5/17/2010,22.509999,12.99,16.27,254.219997
5/18/2010,22.169998,12.56,16.030001,252.360008
5/19/2010,21.64,12.76,15.79,248.339996
5/20/2010,20.809998,12.46,15.1,237.759995
5/21/2010,21.42,12.73,15.48,242.319992
5/24/2010,21.359999,12.36,15.54,246.759987
5/25/2010,21.59,12.69,15.31,245.220005
5/26/2010,21.38,12.75,15.45,244.109993
5/27/2010,21.909999,13.5,15.69,253.349991
5/28/2010,21.409999,13.14,15.34,256.880005
6/1/2010,20.959999,12.58,15.02,260.830002
6/2/2010,21.249999,12.72,15.18,263.949993
6/3/2010,22.18,12.7,15.43,263.119987
6/4/2010,21.99,12.1,15,255.960011
6/7/2010,21.549999,11.5,14.94,250.940002
6/8/2010,21.69,11.18,14.79,249.330006
6/9/2010,21.78,10.91,14.69,243.200012
6/10/2010,22.28,11.35,15.1,250.510006
6/11/2010,22.649999,11.61,15.29,253.509995
6/14/2010,22.209999,11.36,15.17,254.279999
6/15/2010,22.39,11.92,15.65,259.690002
6/16/2010,22.13,11.77,15.49,267.249989
6/17/2010,22.099999,12.22,15.6,271.869987
6/18/2010,22.159999,12.3,15.54,274.070011
6/21/2010,21.869998,12.01,15.21,270.170002
6/22/2010,21.559999,11.56,15.09,273.850006
6/23/2010,21.34,11.69,15.23,270.969994
6/24/2010,20.859998,11.11,14.83,268.999989
6/25/2010,20.949999,11.08,14.81,266.699989
6/28/2010,20.709998,11.1,14.73,268.299999
6/29/2010,19.689999,10.48,14.04,256.170002
6/30/2010,19.61,10.21,13.84,251.530003
7/1/2010,19.639999,10.38,14.09,248.48
7/2/2010,19.26,10.25,14.07,246.939991
7/6/2010,19.349999,10.14,14.13,248.62999
7/7/2010,19.81,10.63,14.4,258.670006
7/8/2010,19.889999,10.31,14.6,258.089993
7/9/2010,20.289999,10.35,14.89,259.619987
7/12/2010,20.22,10.54,14.94,257.290001
7/13/2010,21.009999,10.92,15.52,251.799995
7/14/2010,21.109999,11.03,15.37,252.730003
7/15/2010,21.03,10.72,15.37,251.450001
7/16/2010,20.089999,10.05,14.9,249.900005
7/19/2010,20.399999,10.46,15.1,245.580013
7/20/2010,20.789999,10.72,15.2,251.890011
7/21/2010,20.17,10.37,13.91,254.239998
7/22/2010,20.939999,10.54,13.88,259.02
7/23/2010,21.089999,10.36,13.99,259.939995
7/26/2010,21.139999,10.55,14.15,259.280006
7/27/2010,21.039999,10.46,13.95,264.080009
7/28/2010,21.039999,10.13,13.87,260.959991
7/29/2010,20.77,9.13,13.76,258.109993
7/30/2010,20.909998,9.19,13.88,257.25
8/2/2010,21.459999,9.18,14,261.849998
8/3/2010,20.97,8.94,13.94,261.93
8/4/2010,21.099999,9.32,14.18,262.980011
8/5/2010,21.07,9.44,14.16,261.700008
8/6/2010,21.449999,9.55,14.34,260.090012
8/9/2010,21.98,9.64,14.4,261.749996
8/10/2010,21.909999,9.24,14.35,259.409996
8/11/2010,21.249999,8.88,13.87,250.189999
8/12/2010,21.59,8.96,13.85,251.790009
8/13/2010,21.499999,9.39,13.83,249.099987
8/16/2010,22.049999,9.15,13.79,247.640007
8/17/2010,22.349999,9.27,13.94,251.970013
8/18/2010,22.74,9.32,13.99,253.070011
8/19/2010,23.129998,9.88,13.85,249.880005
8/20/2010,23.369999,9.97,13.79,249.639999
8/23/2010,23.269999,9.82,13.65,245.799992
8/24/2010,22.869999,9.72,13.4,239.930004
8/25/2010,23.159999,9.92,13.26,242.889992
8/26/2010,22.73,9.8,13.21,240.279999
8/27/2010,23.179998,10.12,13.43,241.620003
8/30/2010,23.129998,9.64,13.18,242.499996
8/31/2010,23.229998,9.33,13.11,243.10001
9/1/2010,24.029998,9.4,13.37,250.330002
9/2/2010,24.059999,9.57,13.51,252.169991
9/3/2010,24.129998,9.9,13.62,258.770008
9/7/2010,23.529998,9.99,13.53,257.810013
9/8/2010,24.569999,10.32,13.75,262.92001
9/9/2010,24.3,10.18,13.65,263.07
9/10/2010,24.1,10.07,13.68,263.410007
9/13/2010,24.3,10.64,13.73,267.039997
9/14/2010,24.25,10.54,13.63,268.059994
9/15/2010,24.19,10.56,14.27,270.21999
9/16/2010,23.9,10.57,14.19,276.569988
9/17/2010,24.219999,10.55,13.89,275.369987
9/20/2010,24.65,10.71,13.86,283.230007
9/21/2010,24.739998,11.29,14.18,283.769993
9/22/2010,24.34,11.39,14.04,287.750004
9/23/2010,24.25,11.62,14.17,288.919991
9/24/2010,24.739998,12.26,14.5,292.319988
9/27/2010,24.769999,12,14.28,291.159988
9/28/2010,24.869999,11.97,14.39,286.859997
9/29/2010,24.989998,11.88,14.34,287.369995
9/30/2010,24.4,11.68,14.17,283.749992
10/1/2010,24.459999,11.35,14.27,282.520004
10/4/2010,24.079998,11.24,14.28,278.639996
10/5/2010,24.589998,11.32,14.61,288.939991
10/6/2010,24.45,10.78,14.52,289.19001
10/7/2010,24.75,10.7,14.23,289.219997
10/8/2010,24.61,10.86,14.49,294.069988
10/11/2010,24.29,10.81,14.41,295.360004
10/12/2010,24.45,11.02,14.43,298.539997
10/13/2010,24.869999,11.34,15.25,300.140007
10/14/2010,25.279999,11.16,15.93,302.30999
10/15/2010,25.679999,11.29,16.25,314.739994
10/18/2010,25.719999,11.36,15.93,317.999989
10/19/2010,25.529999,11.29,15.49,309.489994
10/20/2010,25.66,11.29,15.8,310.529991
10/21/2010,27.199998,11.09,15.97,309.520008
10/22/2010,28.07,11.8,16.309999,307.470001
10/25/2010,27.93,11.91,16.4,308.839993
10/26/2010,28.749999,11.87,16.459999,308.049988
10/27/2010,29.28,12.04,16.42,307.830009
10/28/2010,29.719998,12.05,16.4,305.23999
10/29/2010,29.859999,12.02,16.49,300.98
11/1/2010,29.359999,12.04,16.15,304.179993
11/2/2010,30.069998,12.29,16.190001,309.360004
11/3/2010,30.109999,12.38,16.17,312.800003
11/4/2010,30.149999,12.4,16.200001,318.270008
11/5/2010,30.869999,12.61,16.27,317.130009
11/8/2010,30.84,12.66,16.440001,318.620003
11/9/2010,30.529998,12.59,16.969999,316.079998
11/10/2010,30.929998,12.74,16.940001,318.030003
11/11/2010,30.79,12.61,16.799999,316.649998
11/12/2010,30.14,13.26,16.549999,308.029987
11/15/2010,30.059999,13.1,16.6,307.040005
11/16/2010,29.769998,12.71,16.24,301.59
11/17/2010,30.14,12.92,16.15,300.499989
11/18/2010,30.569998,13.32,16.99,308.429996
11/19/2010,30.299999,13.75,16.57,306.730011
11/22/2010,30.64,13.76,16.559999,313.359989
11/23/2010,30.18,13.44,16.190001,308.730003
11/24/2010,31.209999,13.77,16.41,314.799995
11/26/2010,31.149999,13.6,16.219999,315
11/29/2010,30.23,13.75,16.379999,316.870003
11/30/2010,29.139999,13.61,15.82,311.150005
12/1/2010,29.259999,14.21,16.15,316.400005
12/2/2010,29.909999,14.38,16.33,318.150005
12/3/2010,29.609999,14.79,16.35,317.440002
12/6/2010,29.489999,14.51,16.33,320.149998
12/7/2010,29.999999,14.98,16.940001,318.210007
12/8/2010,30.149999,15.11,17.02,321.009991
12/9/2010,30.349999,14.86,16.950001,319.760002
12/10/2010,30.69,14.95,17.01,320.559994
12/13/2010,30.28,14.57,16.700001,321.670006
12/14/2010,30.749999,14.59,16.629999,320.290001
12/15/2010,30.19,14.27,16.450001,320.359989
12/16/2010,30.529998,14.29,16.51,321.249996
12/17/2010,29.819998,14.37,16.379999,320.610008
12/20/2010,29.58,14.31,16.280001,322.209991
12/21/2010,28.649999,14.87,16.6,324.199997
12/22/2010,28.57,15.03,16.629999,325.159992
12/23/2010,28.32,14.92,16.719999,323.60001
12/27/2010,28.309998,15,16.48,324.680008
12/28/2010,28.349999,14.94,16.43,325.470013
12/29/2010,28.359998,14.94,16.610001,325.290009
12/30/2010,28.13,14.99,16.76,323.660011
12/31/2010,27.829999,15.4,16.629999,322.560013
1/3/2011,28.68,15.82,16.75,329.57
1/4/2011,28.47,15.77,16.59,331.290012
1/5/2011,28.73,16.98,16.91,334.000008
1/6/2011,28.42,19.33,17.059999,333.729988
1/7/2011,27.699999,19.870001,16.9,336.120003
1/10/2011,28.259998,20.629999,16.6,342.450001
1/11/2011,28.359998,20.309999,16.58,341.639996
1/12/2011,28.83,23.35,16.65,344.420006
1/13/2011,28.709998,23.389999,16.75,345.680008
1/14/2011,29.18,23.59,16.809999,348.479992
1/18/2011,29.449999,23.040001,16.5,340.650013
1/19/2011,29.099999,22.41,16.309999,338.840012
1/20/2011,30.779998,22.43,16.23,332.680004
1/21/2011,30.019998,22.219999,15.97,326.720001
1/24/2011,30.509999,24.73,16.09,337.449993
1/25/2011,30.909999,23.969999,16.02,341.39999
1/26/2011,31.059999,24.540001,15.57,343.850006
1/27/2011,30.959999,24.469999,16.200001,343.209991
1/28/2011,30.309999,23.76,15.83,336.100002
1/31/2011,30.359999,23.92,16.120001,339.319996
2/1/2011,31.64,24.469999,16.379999,345.030006
2/2/2011,31.879998,25.58,16.57,344.320004
2/3/2011,32.05,25.1,16.690001,343.44001
2/4/2011,32.209999,25.67,16.790001,346.5
2/7/2011,32.239998,24.6,16.799999,351.87999
2/8/2011,32.639998,23.870001,16.6,355.200012
2/9/2011,31.95,23.290001,16.43,358.16
2/10/2011,34.489999,22.82,16.620001,354.539997
2/11/2011,34.51,23.469999,16.85,356.85001
2/14/2011,33.86,23.110001,16.889999,359.179996
2/15/2011,34.46,22.549999,17.200001,359.900013
2/16/2011,34.46,23.379999,17.76,363.129993
2/17/2011,34.689999,25.68,17.77,358.300003
2/18/2011,34.529999,25.629999,17.66,350.560013
2/22/2011,33.649998,23.209999,16.91,338.609993
2/23/2011,32.85,22.110001,16.58,342.619991
2/24/2011,33.089998,22.65,16.370001,342.879997
2/25/2011,33.629999,23.120001,16.5,348.160011
2/28/2011,33.51,22.66,16.4,353.210007
3/1/2011,32.289998,21.65,16.1,349.309998
3/2/2011,32.679999,20.75,16.629999,352.119995
3/3/2011,32.929999,20.870001,16.860001,359.560005
3/4/2011,32.009999,20.76,17.08,359.999989
3/7/2011,31.5,20.469999,16.700001,355.359989
3/8/2011,31.669999,19.549999,16.940001,355.759998
3/9/2011,31.329998,19.139999,17.65,352.46999
3/10/2011,31.079998,17.92,17.059999,346.669991
3/11/2011,30.919999,18.049999,17.42,351.990005
3/14/2011,30.769998,18.200001,17.309999,353.560001
3/15/2011,30.44,17.66,16.33,345.429989
3/16/2011,29.73,17.530001,15.91,330.01001
3/17/2011,29.949999,17.860001,15.86,334.639996
3/18/2011,30.469998,17.620001,16.030001,330.669998
3/21/2011,30.579998,17.76,16.290001,339.299995
3/22/2011,30.219998,17.450001,16.360001,341.200012
3/23/2011,30.669998,17.809999,16.129999,339.190006
3/24/2011,31.759999,19.23,16.83,344.970005
3/25/2011,31.7,18.629999,16.959999,351.540009
3/28/2011,30.34,19.32,16.58,350.44001
3/29/2011,31.079998,19.17,16.75,350.959995
3/30/2011,31.629998,18.450001,16.74,348.630009
3/31/2011,31.04,18.459999,16.68,348.510006
4/1/2011,31.359999,18.200001,16.84,344.560009
4/4/2011,31.39,17.549999,16.870001,341.189999
4/5/2011,31.84,17.58,17.110001,338.889999
4/6/2011,31.85,17.459999,17.049999,338.039993
4/7/2011,31.529998,18.1,17,338.079994
4/8/2011,31.14,17.549999,16.77,335.060005
4/11/2011,31.19,17.32,16.59,330.799988
4/12/2011,30.699999,17.370001,16.360001,332.399998
4/13/2011,30.669998,17.76,16.639999,336.12999
4/14/2011,30.849999,18.51,16.690001,332.419998
4/15/2011,31.609999,18.709999,16.620001,327.459991
4/18/2011,31.149999,18.09,16.35,331.849998
4/19/2011,31.149999,18.02,16.120001,337.859989
4/20/2011,31.759999,18.57,16.870001,342.41
4/21/2011,31.95,18.52,16.85,350.699989
4/25/2011,32.96,18.809999,17.110001,353.010002
4/26/2011,33.079999,19.299999,17.280001,350.42001
4/27/2011,34.029999,19.299999,17.26,350.14999
4/28/2011,33.999998,19.51,17.51,346.749992
4/29/2011,34.389999,20,17.700001,350.12999
5/2/2011,33.639998,19.73,18.139999,346.279995
5/3/2011,33.539998,18.790001,17.92,348.200012
5/4/2011,33.01,18.65,18.200001,349.570004
5/5/2011,32.679999,18.66,18.43,346.749992
5/6/2011,32.719999,19.32,18.65,346.660004
5/9/2011,33.119999,19.75,18.559999,347.599998
5/10/2011,33.929999,19.780001,18.549999,349.450001
5/11/2011,33.31,19.870001,17.200001,347.230003
5/12/2011,33.579999,20.5,17.17,346.569988
5/13/2011,33.569999,18.26,16.549999,340.499996
5/16/2011,32.369999,17.700001,15.81,333.299992
5/17/2011,32.65,17.629999,16,336.140003
5/18/2011,32.879999,18.040001,15.96,339.869995
5/19/2011,32.9,17.780001,16.35,340.53001
5/20/2011,32.479998,18.09,16.299999,335.220009
5/23/2011,31.629998,18.07,16.059999,334.39999
5/24/2011,30.819998,18.139999,16.139999,332.190006
5/25/2011,30.699999,18.360001,16.15,336.779991
5/26/2011,30.659999,18.82,15.98,335.000004
5/27/2011,30.679998,19.5,16.02,337.409992
5/31/2011,31.169999,20.040001,16.549999,347.82999
6/1/2011,30.64,19.139999,15.85,345.509991
6/2/2011,31.279998,19.049999,16.02,346.099991
6/3/2011,30.299999,18.459999,15.68,343.44001
6/6/2011,29.559999,18.07,15.45,338.039993
6/7/2011,29.919998,18.059999,15.45,332.039989
6/8/2011,30.569998,17.57,15.1,332.239994
6/9/2011,30.659999,17.370001,15.22,331.48999
6/10/2011,29.959999,17.120001,15.2,325.900009
6/13/2011,29.859999,17,15.16,326.599998
6/14/2011,29.759999,17.139999,15.2,332.439999
6/15/2011,28.659998,16.77,14.81,326.749989
6/16/2011,28.47,16.190001,14.78,325.159992
6/17/2011,28.83,15.81,14.7,320.259987
6/20/2011,28.82,15.62,14.99,315.320007
6/21/2011,29.78,15.96,15.35,325.299995
6/22/2011,29.349999,15.74,15.23,322.610001
6/23/2011,29.249999,16.209999,15.08,331.230011
6/24/2011,28.349999,15.74,14.89,326.350006
6/27/2011,28.709998,15.41,14.88,332.039989
6/28/2011,28.959998,15.5,14.95,335.26001
6/29/2011,30.859999,15.74,14.89,334.040009
6/30/2011,32.269999,15.94,15.04,335.670006
7/1/2011,32.739998,16.15,15.45,343.260006
7/5/2011,32.639998,15.88,15.49,349.43
7/6/2011,32.919999,15.67,15.72,351.759987
7/7/2011,33.329999,15.73,15.81,357.200005
7/8/2011,33.419999,15.43,15.61,359.709995
7/11/2011,32.91,14.89,15.05,354.000011
7/12/2011,32.259999,14.69,14.86,353.749992
7/13/2011,32.379998,14.66,14.91,358.019997
7/14/2011,32.189998,14.08,14.63,357.770004
7/15/2011,32.809999,14.1,14.69,364.919994
7/18/2011,32.7,13.8,14.42,373.800011
7/19/2011,33.76,14.22,14.59,376.849987
7/20/2011,33.169999,14.04,13.48,386.89999
7/21/2011,33.439998,14.7,13.59,387.290012
7/22/2011,33.499998,15,13.98,393.300003
7/25/2011,33.799998,14.76,13.69,398.499989
7/26/2011,34.419999,14.4,13.94,403.410007
7/27/2011,33.36,13.86,13.59,392.59
7/28/2011,33.35,13.83,13.5,391.819996
7/29/2011,32.75,13.83,13.1,390.479992
8/1/2011,33.019999,14.57,13.1,396.749989
8/2/2011,31.75,14.42,12.76,388.909996
8/3/2011,32.25,14.81,13.02,392.57
8/4/2011,30.04,13.4,12,377.369999
8/5/2011,29.299999,12.95,11.74,373.620007
8/8/2011,26.949998,11.93,11.09,353.210007
8/9/2011,30.159999,12.93,12.09,374.010002
8/10/2011,29.149999,12.34,11.77,363.690006
8/11/2011,30.199999,13.41,12.86,373.700008
8/12/2011,30.529998,12.88,13.59,376.98999
8/15/2011,30.89,13.37,13.47,383.410004
8/16/2011,30.359999,12.99,13.48,380.480003
8/17/2011,30.249999,12.81,13.47,380.440002
8/18/2011,27.939999,11.94,12.96,366.050007
8/19/2011,27.16,11.73,12.92,356.029991
8/22/2011,27.36,11.94,12.84,356.439987
8/23/2011,28.92,13.23,13.35,373.600006
8/24/2011,29.049999,13.04,13.15,376.180012
8/25/2011,28.33,12.48,12.87,373.720009
8/26/2011,29.459999,13.01,12.74,383.579994
8/29/2011,30.49,13.36,13.68,389.969994
8/30/2011,30.949999,13.68,13.84,389.989994
8/31/2011,30.869999,13.31,13.61,384.830009
9/1/2011,30.39,13.28,13.35,381.030003
9/2/2011,29.409999,12.92,12.87,374.050003
9/6/2011,29.269998,13.18,12.91,379.740013
9/7/2011,29.749999,14.25,13.61,383.929989
9/8/2011,30.509999,14.18,14.44,384.140007
9/9/2011,28.459998,13.88,14.48,377.479988
9/12/2011,29.419998,14.21,14.26,379.939991
9/13/2011,29.399999,14.53,14.26,384.619991
9/14/2011,30.14,15.28,14.55,389.299992
9/15/2011,32.039998,15.5,14.89,392.959995
9/16/2011,33.689998,15.46,14.97,400.500008
9/19/2011,33.1,15.14,14.61,411.630009
9/20/2011,32.729999,14.75,14.36,413.449997
9/21/2011,32.239998,14.47,13.96,412.140007
9/22/2011,31.669999,13.51,13.99,401.820011
9/23/2011,32.079998,13.79,14.71,404.299988
9/26/2011,32.55,13.82,14.75,403.170002
9/27/2011,32.519999,13.84,14.54,399.260006
9/28/2011,31.64,13.42,14.19,397.009995
9/29/2011,30.669998,13.09,13.42,390.570007
9/30/2011,29.489999,12.51,13.17,381.319996
10/3/2011,28.109998,11.81,13.53,374.600002
10/4/2011,29.349999,12.9,14.46,372.500008
10/5/2011,30.529998,13.36,15.92,378.249992
10/6/2011,31.44,13.89,15.65,377.369999
10/7/2011,31.069999,14.15,15.47,369.799999
10/10/2011,32.3,14.78,15.84,388.809994
10/11/2011,32.829999,14.62,15.86,400.289989
10/12/2011,32.75,14.61,15.77,402.190006
10/13/2011,32.739998,15.46,15.93,408.429989
10/14/2011,33.689998,15.72,15.91,421.999992
10/17/2011,33.219999,14.94,15.7,419.990013
10/18/2011,33.869999,15.48,15.47,422.239998
10/19/2011,33.179999,15.17,15.94,398.619991
10/20/2011,32.15,14.41,16.18,395.310009
10/21/2011,32.119999,14.48,16.120001,392.870007
10/24/2011,32.369999,15.02,16.709999,405.770008
10/25/2011,31.669999,14.45,16.24,397.770012
10/26/2011,31.079998,14.62,16.299999,400.60001
10/27/2011,32.289998,15.25,16.629999,404.69001
10/28/2011,33.25,15.6,16.559999,404.949989
10/31/2011,31.829998,14.8,15.64,404.779999
11/1/2011,30.89,14.06,14.93,396.51001
11/2/2011,31.779998,13.82,15.1,397.410004
11/3/2011,33.05,14.65,15.48,403.07
11/4/2011,32.709999,14.82,15.24,400.240002
11/7/2011,32.469999,14.74,15.69,399.730003
11/8/2011,32.919999,15.08,15.97,406.229992
11/9/2011,31.179998,14.32,15.92,395.279995
11/10/2011,30.749999,14.47,15.95,385.220005
11/11/2011,31.759999,14.98,16.27,384.619991
11/14/2011,31.409999,14.69,16,379.260002
11/15/2011,31.45,14.88,15.93,388.829994
11/16/2011,30.54,14.58,15.72,384.770008
11/17/2011,29.649999,14.06,15.34,377.41
11/18/2011,29.809999,13.93,15.38,374.94001
11/21/2011,28.749999,14.63,14.99,369.009995
11/22/2011,29.039999,15.08,14.97,376.510006
11/23/2011,28.549999,14.44,14.94,366.990002
11/25/2011,28.23,14.04,15.1,363.570004
11/28/2011,29.659999,14.83,15.35,376.12001
11/29/2011,28.749999,14.91,15.7,373.199997
11/30/2011,29.59,15.63,15.71,382.199989
12/1/2011,29.68,15.82,16.23,387.93
12/2/2011,29.599999,15.72,16.049999,389.700001
12/5/2011,30.699999,15.48,15.89,393.01001
12/6/2011,30.899999,15.26,15.84,390.949989
12/7/2011,30.94,15.17,15.62,389.09
12/8/2011,31.029998,14.69,15.61,390.659996
12/9/2011,31.64,14.9,15.94,393.62001
12/12/2011,31.129998,14.53,15.47,391.839996
12/13/2011,30.84,14.13,15.42,388.809994
12/14/2011,30.269998,13.58,15.02,380.19001
12/15/2011,29.599999,13.46,15.16,378.939995
12/16/2011,30.399999,13.51,14.96,381.019989
12/19/2011,29.769998,13.16,14.62,382.210003
12/20/2011,30.629998,13.9,15.11,395.949997
12/21/2011,30.34,13.72,15.99,396.450008
12/22/2011,30.609999,14.31,16,398.550003
12/23/2011,30.84,14.17,16.190001,403.330006
12/27/2011,30.919999,14.06,16.09,406.529999
12/28/2011,30.409999,13.71,15.78,402.640003
12/29/2011,30.359999,13.97,16.129999,405.120007
12/30/2011,30.33,13.86,16.129999,405.000004
1/3/2012,31.34,14.04,16.290001,411.23
1/4/2012,30.159999,14.2,15.78,413.44001
1/5/2012,30.709999,14.71,15.64,418.029995
1/6/2012,30.629998,14.54,15.52,422.400002
1/9/2012,30.509999,14.54,15.46,421.73
1/10/2012,31.2,14.48,15.51,423.239994
1/11/2012,31.519999,14.19,15.53,422.549992
1/12/2012,31.579998,14.1,15.66,421.389992
1/13/2012,30.619998,13.73,15.48,419.810009
1/17/2012,30.529998,13.52,15.43,424.700001
1/18/2012,30.34,13.98,15.92,429.110008
1/19/2012,31.509999,14.35,16.120001,427.750004
1/20/2012,31.929998,14.22,15.96,420.300007
1/23/2012,31.989998,14.61,15.68,427.409996
1/24/2012,31.95,14.94,15.69,420.409996
1/25/2012,31.939998,14.85,15.56,446.659996
1/26/2012,31.709999,14.71,15.53,444.62999
1/27/2012,31.85,14.91,15.74,447.28001
1/30/2012,31.579998,14.8,15.55,453.009995
1/31/2012,31.6,14.77,15.47,456.47998
2/1/2012,32.2,14.93,15.73,456.189987
2/2/2012,32.7,15.49,15.72,455.120003
2/3/2012,32.95,15.82,15.92,459.68
2/6/2012,32.639998,15.7,15.82,463.969978
2/7/2012,32.869999,15.74,15.83,468.830009
2/8/2012,33.05,16.309999,15.78,476.680016
2/9/2012,33.26,16.299999,16,493.170006
2/10/2012,33.029999,15.9,16.139999,493.419998
2/13/2012,33.16,16.15,16.120001,502.600021
2/14/2012,32.96,16.24,15.37,509.459991
2/15/2012,33.31,16.17,15.12,497.669975
2/16/2012,34.51,16.450001,15.36,502.209999
2/17/2012,35.059998,15.85,15.01,502.12001
2/21/2012,35.139999,15.93,14.75,514.850021
2/22/2012,34.67,15.82,14.5,513.039993
2/23/2012,36.02,15.91,14.78,516.389977
2/24/2012,36.359998,15.79,14.89,522.409981
2/27/2012,36.559998,15.47,14.86,525.760017
2/28/2012,36.619998,15.33,14.9,535.410011
2/29/2012,35.739999,15.15,14.83,542.440025
3/1/2012,36.37,15.25,14.93,544.469978
3/2/2012,36.249999,15.38,14.72,545.180008
3/5/2012,35.72,14.86,14.62,533.160027
3/6/2012,35.109998,14.72,14.42,530.259987
3/7/2012,35.589999,14.81,14.62,530.69001
3/8/2012,35.779999,14.86,14.62,541.989975
3/9/2012,36.249999,14.82,14.63,545.170021
3/12/2012,36.18,14.59,14.49,551.999977
3/13/2012,37.33,14.79,14.55,568.099998
3/14/2012,37.619998,14.37,14.63,589.580009
3/15/2012,36.83,14.58,14.89,585.559998
3/16/2012,37.689999,14.6,15.18,585.569984
3/19/2012,37.79,14.64,15.15,601.100006
3/20/2012,37.389999,14.4,15.41,605.959984
3/21/2012,37.419998,14.46,15.51,602.499985
3/22/2012,37.619998,14.44,15.49,599.340019
3/23/2012,37.089999,14.55,15.39,596.050011
3/26/2012,38.079998,14.72,15.54,606.97998
3/27/2012,37.869998,14.82,15.43,614.480019
3/28/2012,37.239999,15.16,15.32,617.62001
3/29/2012,36.989999,15.23,15.3,609.859993
3/30/2012,36.899999,15.4,15.22,599.550011
4/2/2012,36.589999,15.33,15.46,618.63002
4/3/2012,36.63,15.08,15.18,629.319984
4/4/2012,35.729999,14.65,15.27,624.30999
4/5/2012,35.62,14.63,15.07,633.679977
4/9/2012,36.299999,14.44,15.1,636.229996
4/10/2012,35.47,14.16,14.99,628.440018
4/11/2012,35.759998,14.34,14.88,626.20002
4/12/2012,36.459998,14.68,15.06,622.769981
4/13/2012,36.12,14.16,14.87,605.22998
4/16/2012,35.499998,13.99,14.79,580.13002
4/17/2012,36.079999,14.02,15.01,609.699989
4/18/2012,35.87,13.87,15.49,608.340012
4/19/2012,40.619997,13.66,15.4,587.439987
4/20/2012,40.29,13.39,15.6,572.980003
4/23/2012,39.649997,13.23,15.33,571.699974
4/24/2012,39.299997,12.82,15.43,560.280006
4/25/2012,39.859999,13.08,15.5,610.000023
4/26/2012,41.049998,13.09,15.53,607.699997
4/27/2012,41.229999,12.98,15.57,603.000023
4/30/2012,41.019997,13,15.54,583.979988
5/1/2012,40.749998,13.23,15.63,582.130013
5/2/2012,41.16,12.85,15.67,585.97998
5/3/2012,40.379998,12.63,15.4,581.819992
5/4/2012,39.44,12.26,15.15,565.25
5/7/2012,40.070001,12.47,15.35,569.480003
5/8/2012,40.19,12.46,15.36,568.18
5/9/2012,40.559999,12.51,15.3,569.180023
5/10/2012,41.21,12.42,15.44,570.519974
5/11/2012,40.74,13.21,15.19,566.710007
5/14/2012,40.249997,13.13,15.5,558.219986
5/15/2012,40.049997,13,15.4,553.169991
5/16/2012,39.859999,12.74,15.28,546.080002
5/17/2012,39.029998,12.65,14.87,530.12001
5/18/2012,38.359999,12.08,15.42,530.37999
5/21/2012,39.509999,12.29,15.58,561.279976
5/22/2012,39.220001,12.14,15.29,556.970024
5/23/2012,39.679998,12.44,15.38,570.559975
5/24/2012,39.659999,12.11,15.35,565.320015
5/25/2012,40.349997,12.4,15.36,562.289986
5/29/2012,41.490001,12.72,15.47,572.269974
5/30/2012,39.59,12.57,15.25,579.169998
5/31/2012,39.19,12.43,15.24,577.730019
6/1/2012,38.820001,11.98,14.92,560.989983
6/4/2012,39.159999,11.73,15.01,564.289978
6/5/2012,39.759999,12.07,15.1,562.830025
6/6/2012,40.94,12.39,15.36,571.460022
6/7/2012,40.899998,11.89,15.36,571.720001
6/8/2012,41.049998,12.12,15.65,580.319984
6/11/2012,40.929999,12.26,15.3,571.169975
6/12/2012,40.909999,12.51,15.47,576.159996
6/13/2012,40.169997,12.18,15.34,572.160011
6/14/2012,40.129998,12.03,15.36,571.529984
6/15/2012,40.669997,12.29,15.36,574.12999
6/18/2012,42.490001,12.4,15.49,585.779976
6/19/2012,43.499998,13.24,15.65,587.410027
6/20/2012,42.949998,13.45,15.74,585.739975
6/21/2012,41.829999,12.84,15.52,577.669991
6/22/2012,42.799998,13,15.61,582.099998
6/25/2012,41.81,12.59,15.44,570.77002
6/26/2012,42.499998,12.73,15.35,572.030022
6/27/2012,42.290001,13.14,15.52,574.499985
6/28/2012,40.779999,13.24,15.45,569.04998
6/29/2012,42.01,13.82,15.83,584.000015
7/2/2012,41.219997,13.45,15.84,592.519997
7/3/2012,41.199998,13.8,15.98,599.409981
7/5/2012,40.929999,13.66,15.85,609.939995
7/6/2012,40.409999,13.4,15.78,605.879982
7/9/2012,40.679998,13.22,15.75,613.889992
7/10/2012,39.679998,12.82,15.82,608.210022
7/11/2012,39.129998,12.61,15.8,604.430016
7/12/2012,39.309999,12.4,15.69,598.900009
7/13/2012,39.949997,12.56,15.74,604.970001
7/16/2012,38.599997,12.6,15.65,606.910019
7/17/2012,39.070001,12.37,15.6,606.93998
7/18/2012,40.459999,13.06,15.7,606.260017
7/19/2012,43.949998,13.19,15.73,614.320015
7/20/2012,44.849999,12.81,15.92,604.300026
7/23/2012,44.239997,12.98,15.76,603.830002
7/24/2012,43.519997,12.84,15.43,600.919975
7/25/2012,43.189996,13.09,15.5,574.970009
7/26/2012,43.789997,13.15,15.8,574.88002
7/27/2012,45.219998,13.48,16.110001,585.159988
7/30/2012,45.599999,13.33,15.98,595.030014
7/31/2012,44.299999,13.54,15.84,610.759987
8/1/2012,43.889997,13.39,15.99,606.80999
8/2/2012,43.769998,13.44,15.75,607.789986
8/3/2012,44.499999,13.72,15.97,615.70002
8/6/2012,44.769998,14.01,16.040001,622.550003
8/7/2012,45.610001,14.15,16.219999,620.910019
8/8/2012,44.939997,14.23,16.17,619.860008
8/9/2012,44.269998,14.71,16.01,620.729988
8/10/2012,43.989997,14.62,15.15,621.699997
8/13/2012,45.319998,14.81,15.02,630
8/14/2012,45.360001,14.59,14.73,631.690025
8/15/2012,44.98,14.48,14.76,630.829979
8/16/2012,45.789997,14.78,14.99,636.340012
8/17/2012,46.869998,14.65,15.03,648.110001
8/20/2012,46.399999,14.65,14.96,665.150017
8/21/2012,45.849999,14.61,14.97,656.059982
8/22/2012,46.999999,14.64,14.92,668.869995
8/23/2012,46.809997,14.31,14.87,662.630013
8/24/2012,47.099999,14.6,14.92,663.219986
8/27/2012,46.98,14.35,14.85,675.679977
8/28/2012,46.939997,14.29,14.72,674.800011
8/29/2012,47.489998,14.32,14.84,673.469994
8/30/2012,46.549999,14.05,14.67,663.869987
8/31/2012,47.469999,14.03,14.65,665.240005
9/4/2012,47.359997,13.28,14.89,674.970001
9/5/2012,47.159997,13.32,15.09,670.230026
9/6/2012,48.909997,13.73,15.11,676.270004
9/7/2012,49.239998,13.4,15.22,680.43998
9/10/2012,48.530001,13.28,15.11,662.739975
9/11/2012,48.330001,13.44,15.16,660.590019
9/12/2012,47.989998,13.59,15.4,669.790016
9/13/2012,48.880001,13.68,15.6,682.980011
9/14/2012,49.969999,13.84,15.77,691.280014
9/17/2012,50.479997,13.46,15.68,699.780022
9/18/2012,49.959997,13.55,15.91,701.910004
9/19/2012,50.389998,13.71,15.86,702.100021
9/20/2012,50.079997,13.61,15.79,698.699997
9/21/2012,49.469999,13.67,15.74,700.089989
9/24/2012,49.309997,13.66,16,690.790016
9/25/2012,48.030001,13.41,15.68,673.540009
9/26/2012,47.539998,13.18,15.61,665.179977
9/27/2012,49.119999,13.28,16.040001,681.32
9/28/2012,48.369999,13.34,15.98,667.100021
10/1/2012,48.230001,13.12,15.83,659.389992
10/2/2012,48.4,13.17,15.94,661.309982
10/3/2012,48.589998,13.04,16.209999,671.449974
10/4/2012,49.489998,13.62,16.27,666.799988
10/5/2012,48.730001,13.3,16.09,652.589996
10/8/2012,47.919999,13.17,16.030001,638.170013
10/9/2012,46.219998,12.89,15.85,635.850014
10/10/2012,46.759997,12.67,15.83,640.909996
10/11/2012,47.489998,12.74,15.92,628.099983
10/12/2012,47.85,12.63,15.88,629.710007
10/15/2012,47.399999,12.79,15.68,634.760002
10/16/2012,48.239998,13.16,15.92,649.789986
10/17/2012,48.2,13.06,16.09,644.610001
10/18/2012,50.829997,12.86,16,632.640007
10/19/2012,49.969999,12.11,15.84,609.840019
10/22/2012,50.15,11.97,15.77,634.029999
10/23/2012,49.35,12.33,16.67,613.359993
10/24/2012,48.880001,12.17,16.549999,616.829979
10/25/2012,48.339998,12.18,16.610001,609.539986
10/26/2012,49.509997,12.05,16.790001,603.999992
10/31/2012,48.259997,11.98,16.84,595.320007
11/1/2012,49.219999,12.55,16.950001,596.540009
11/2/2012,48.689998,12.49,17.110001,576.800011
11/5/2012,49.35,13.02,17.370001,584.620003
11/6/2012,49.489998,13.01,17.459999,582.849976
11/7/2012,48.4,12.61,17.389999,558.000008
11/8/2012,47.869999,12.68,17.24,537.749985
11/9/2012,47.73,12.19,17.26,547.059998
11/12/2012,47.469999,11.92,17.51,542.829994
11/13/2012,47.739998,11.83,17.85,542.900009
11/14/2012,46.469998,11.54,17.83,536.880005
11/15/2012,46.519998,11.59,17.889999,525.619987
11/16/2012,47.259997,11.38,17.860001,527.680008
11/19/2012,47.919999,11.7,18.360001,565.730011
11/20/2012,48.259997,11.49,18.24,560.909981
11/21/2012,48.630001,11.82,18.4,561.700012
11/23/2012,49.009997,11.9,18.57,571.500023
11/26/2012,51.400001,12.11,18.76,589.530022
11/27/2012,51.15,12.16,18.93,584.780006
11/28/2012,51.47,12.26,18.91,582.940018
11/29/2012,52.199996,12.04,18.870001,589.359978
11/30/2012,52.82,11.97,18.77,585.279991
12/3/2012,52.039999,11.75,18.549999,586.190025
12/4/2012,51.989999,12.1,18.93,575.849976
12/5/2012,52.02,11.96,18.889999,538.790009
12/6/2012,51.989999,11.98,19.200001,547.239975
12/7/2012,51.739999,11.96,19.200001,533.250015
12/10/2012,51.17,12.36,19.43,529.819977
12/11/2012,51.989999,12.65,19.52,541.390015
12/12/2012,51.859998,12.52,19.379999,539
12/13/2012,51.02,12.53,19.35,529.689987
12/14/2012,50.359998,12.59,19.639999,509.789986
12/17/2012,51.309998,12.54,19.690001,518.829979
12/18/2012,51.909998,12.56,19.620001,533.900017
12/19/2012,51.339999,12.65,19.6,526.30999
12/20/2012,52.139999,12.64,19.690001,521.730019
12/21/2012,51.350001,12.35,19.35,519.330017
12/24/2012,51.079997,12.25,19.65,520.169983
12/26/2012,50.239998,12.24,19.57,512.999992
12/27/2012,50.289998,12.16,19.6,515.060013
12/28/2012,49.809997,12.1,19.5,509.589981
12/31/2012,51,12.26,19.9,532.169991
1/2/2013,53.589999,12.72,20.08,549.029976
1/3/2013,52.449996,12.73,19.780001,542.099991
1/4/2013,52.779997,13.15,19.860001,526.999992
1/7/2013,53.509998,12.77,19.4,523.900002
1/8/2013,52.679997,12.49,19.66,525.31002
1/9/2013,52.759998,12.21,19.32,517.100006
1/10/2013,52.999996,12.23,18.99,523.509979
1/11/2013,53.699997,12.21,19.290001,520.300026
1/14/2013,53.179997,12.2,19.43,501.750015
1/15/2013,52.509998,11.98,19.52,485.920013
1/16/2013,52.899996,12.09,20.07,506.089981
1/17/2013,54.17,12.25,20.129999,502.680023
1/18/2013,54.209999,12.17,20.02,500.000015
1/22/2013,53.37,12.11,19.9,504.770004
1/23/2013,53.379997,12.13,20.110001,514.010002
1/24/2013,55.19,12.19,20.440001,450.499977
1/25/2013,56.529998,12.41,20.370001,439.880001
1/28/2013,55.949997,12.61,20.309999,449.830002
1/29/2013,55.659999,12.34,19.700001,458.269981
1/30/2013,55.779998,12.32,20.120001,456.830002
1/31/2013,55.969996,12.26,19.629999,455.489998
2/1/2013,57.209999,12.37,19.76,453.619995
2/4/2013,55.69,12.16,19.34,442.320004
2/5/2013,56.419996,12.44,19.66,457.840012
2/6/2013,56.109999,12.34,19.85,457.350014
2/7/2013,56.129998,12.29,20.32,468.220009
2/8/2013,56.619997,12.37,20.5,474.980003
2/11/2013,56.409999,12.51,20.9,479.930023
2/12/2013,56.779998,12.43,21.209999,467.900002
2/13/2013,57.049998,12.37,21.15,467.009995
2/14/2013,56.829998,12.73,21.18,466.590012
2/15/2013,56.699997,12.73,21.02,460.160011
2/19/2013,56.679998,12.56,21.290001,459.990021
2/20/2013,55.529998,12.38,20.92,448.850006
2/21/2013,54.620001,12.29,20.83,446.060009
2/22/2013,55.019996,12.52,21.219999,450.809998
2/25/2013,53.609998,12.3,20.73,442.799988
2/26/2013,53.82,12.37,20.76,448.970009
2/27/2013,54.149997,12.6,21.16,444.569988
2/28/2013,54.709999,12.66,21.309999,441.400009
3/1/2013,54.899997,12.71,21.940001,430.470013
3/4/2013,55.479998,12.66,22.700001,420.049988
3/5/2013,55.259999,12.8,22.950001,431.139988
3/6/2013,53.57,12.79,22.799999,425.659996
3/7/2013,52.979997,12.76,22.700001,430.580002
3/8/2013,53.129997,12.82,22.9,431.720001
3/11/2013,52.759998,12.7,22.6,437.869995
3/12/2013,52.959998,12.74,22.4,428.429993
3/13/2013,50.979997,12.74,22.34,428.349991
3/14/2013,51.800001,12.75,22.43,432.499992
3/15/2013,50.409998,12.64,22.07,443.660007
3/18/2013,50.109997,12.55,22.01,455.720016
3/19/2013,51.1,12.47,22.17,454.489975
3/20/2013,52.42,12.62,22.1,452.079987
3/21/2013,52.92,12.42,22.860001,452.729988
3/22/2013,53.27,12.48,23.26,461.910011
3/25/2013,51.309998,12.41,23.379999,463.580009
3/26/2013,52.089999,12.5,23.59,461.140007
3/27/2013,52.07,12.65,23.59,452.079987
3/28/2013,54.22,12.83,23.530001,442.660011
4/1/2013,55.709999,12.41,23.5,428.910004
4/2/2013,56.159999,12.28,23.780001,429.789997
4/3/2013,55.499997,12.13,23.379999,431.989994
4/4/2013,55.79,12.25,23.52,427.71999
4/5/2013,55.519996,12.46,23.299999,423.199993
4/8/2013,55.869996,12.43,23.48,426.209995
4/9/2013,56.069996,12.63,23.83,426.98
4/10/2013,57.299998,12.83,24.200001,435.689999
4/11/2013,57.779999,12.77,24.49,434.329994
4/12/2013,57.309999,13.09,24.690001,429.800011
4/15/2013,55.84,12.82,23.98,419.85001
4/16/2013,57.009999,12.96,23.790001,426.240009
4/17/2013,56.099997,12.79,23.700001,402.800007
4/18/2013,52.82,12.54,23.26,392.049988
4/19/2013,52.389999,12.57,23.469999,390.530006
4/22/2013,51.629997,12.59,23.950001,398.670006
4/23/2013,52.489999,12.92,24.379999,406.12999
4/24/2013,52.97,13.36,24.75,405.459988
4/25/2013,52.359998,13.47,25.200001,408.380001
4/26/2013,52.539999,13.41,24.68,417.199989
4/29/2013,52.839999,13.57,24.43,430.119991
4/30/2013,52.389999,13.77,24.73,442.779987
5/1/2013,52.399996,13.65,24.299999,439.290001
5/2/2013,53.549997,13.81,24.969999,445.519997
5/3/2013,54.209999,13.87,25.07,449.980019
5/6/2013,54.089999,13.83,25.17,460.709984
5/7/2013,53.939999,13.65,26.07,458.660004
5/8/2013,54.959999,13.9,26.41,463.839989
5/9/2013,55.169996,13.91,26.24,456.769974
5/10/2013,55.649997,14.54,26.83,452.969994
5/13/2013,55.329998,14.24,26.389999,454.740021
5/14/2013,56.269996,14.45,26.639999,443.860012
5/15/2013,56.649997,14.7,27.34,428.850002
5/16/2013,55.799997,14.63,26.58,434.580013
5/17/2013,56.709999,14.87,26.52,433.26001
5/20/2013,55.949997,14.84,26.58,442.930004
5/21/2013,54.949997,14.92,27,439.659996
5/22/2013,54.399997,14.4,26.540001,441.349995
5/23/2013,54.479998,14.63,26.02,442.139999
5/24/2013,54.64,14.54,26.33,445.150002
5/28/2013,55.529998,14.53,26.07,441.44001
5/29/2013,55.049997,14.44,25.809999,444.949997
5/30/2013,55.099997,14.63,26.33,451.580002
5/31/2013,54.099997,14.47,26.299999,449.730026
6/3/2013,53.409998,14.45,26.389999,450.720009
6/4/2013,52.589999,14.47,26.26,449.30999
6/5/2013,51.359998,14.16,25.75,445.110001
6/6/2013,51.52,14.25,26.209999,438.459995
6/7/2013,51.450001,14.45,27.040001,441.810005
6/10/2013,53.249996,14.44,26.74,438.889992
6/11/2013,52.049996,14.17,26.4,437.600002
6/12/2013,50.75,14.05,25.889999,432.189999
6/13/2013,51.479997,14.37,26.370001,435.959991
6/14/2013,51.289999,14.35,26.280001,430.050003
6/17/2013,52.07,14.49,26.540001,432.000008
6/18/2013,52.559998,14.4,26.66,431.769989
6/19/2013,52.229997,14.84,26.24,422.999989
6/20/2013,50.739999,14.44,25.35,416.840008
6/21/2013,51.129997,14.42,25.190001,413.500011
6/24/2013,50.819999,14.12,24.07,402.540001
6/25/2013,51.639999,14.22,24.959999,402.62999
6/26/2013,51.329997,14.14,25.290001,398.069992
6/27/2013,52.139999,14.01,25.469999,393.779987
6/28/2013,51.72,14.04,25.129999,396.53001
7/1/2013,52.899996,14.1,25.24,409.219994
7/2/2013,53.329997,14.09,24.99,418.490005
7/3/2013,53.17,14.13,25.59,420.799992
7/5/2013,53.849997,14.24,25.68,417.419994
7/8/2013,53.709998,14.17,25.530001,415.050007
7/9/2013,54.49,14.24,26.68,422.349987
7/10/2013,54.879998,14.43,26.559999,420.730003
7/11/2013,55.879998,14.63,27.040001,427.289993
7/12/2013,57.04,14.64,27.23,426.510002
7/15/2013,56.449997,14.61,27.34,427.44001
7/16/2013,56.809999,14.69,26.879999,430.199993
7/17/2013,57.379999,14.61,29.66,430.310009
7/18/2013,53.52,14.55,29.66,431.760002
7/19/2013,52.189999,14.24,29.110001,424.949993
7/22/2013,52.309998,14.23,27.860001,426.309998
7/23/2013,51.639999,14.21,27.360001,418.98999
7/24/2013,52.099996,14.21,27.84,440.510002
7/25/2013,51.500001,14.26,28.27,438.499996
7/26/2013,52.249996,14.2,28.110001,440.990013
7/29/2013,51.639999,14.17,27.93,447.790009
7/30/2013,51.979997,14.41,28.049999,453.320015
7/31/2013,51.689999,14.44,28.09,452.529984
8/1/2013,52.409998,14.64,27.959999,456.679985
8/2/2013,52.539999,14.76,27.65,462.539986
8/5/2013,52.709998,14.83,27.67,469.449997
8/6/2013,53.699997,14.61,27.32,465.250008
8/7/2013,53.009998,14.6,27.389999,464.979988
8/8/2013,53.57,14.7,27.48,461.010017
8/9/2013,53.329997,14.49,27.68,454.449974
8/12/2013,53.279997,14.37,28.35,467.360016
8/13/2013,54.12,14.42,28.34,489.569977
8/14/2013,54.229998,15.03,28.049999,498.500008
8/15/2013,53.179997,15.13,27.139999,497.909981
8/16/2013,52.92,15.19,27.32,502.330002
8/19/2013,52.07,14.95,26.91,507.740005
8/20/2013,51.989999,14.95,27.120001,501.07
8/21/2013,50.959998,14.88,27.059999,502.360016
8/22/2013,51.079997,14.96,27.9,502.959976
8/23/2013,51.650001,14.96,27.99,501.020012
8/26/2013,51.959998,14.99,27.700001,502.970016
8/27/2013,50.609998,14.8,27,488.589981
8/28/2013,50.429997,14.8,27.110001,490.899994
8/29/2013,50.989999,14.77,27.299999,491.700012
8/30/2013,49.989998,14.75,27.120001,487.220016
9/3/2013,50.319999,14.76,27.780001,488.579994
9/4/2013,51.450001,14.9,28.07,498.690025
9/5/2013,51.950001,14.94,28.23,495.269974
9/6/2013,52.829997,14.88,28.17,498.220001
9/9/2013,52.67,15.13,29.24,506.169983
9/10/2013,53.489999,15.45,29.48,494.639999
9/11/2013,54.279998,15.71,29.190001,467.709984
9/12/2013,54.029998,15.7,29.65,472.690018
9/13/2013,53.82,15.8,29.26,464.899986
9/16/2013,53.649997,15.81,29.620001,450.119995
9/17/2013,54.629998,15.86,30,455.320007
9/18/2013,54.679998,16,30.440001,464.680008
9/19/2013,54.449997,15.93,31.030001,472.299995
9/20/2013,54.949997,15.79,30.93,467.410004
9/23/2013,54.759999,15.64,30.26,490.640015
9/24/2013,55.169996,15.7,31.27,489.100006
9/25/2013,54.209999,15.72,31.34,481.530006
9/26/2013,56.64,15.67,32.75,486.219994
9/27/2013,55.779998,15.58,33.549999,482.750008
9/30/2013,55.799997,15.56,33.169998,476.749977
10/1/2013,55.969996,15.55,34.310001,487.960007
10/2/2013,55.629998,15.54,34.139999,489.55999
10/3/2013,54.909999,15.38,33.880001,483.409996
10/4/2013,55.579998,15.59,34.889999,483.030014
10/7/2013,54.57,15.59,34.139999,487.750015
10/8/2013,52.97,15.46,32.93,480.93998
10/9/2013,52.329997,15.22,33.009998,486.589989
10/10/2013,53.42,15.39,33.869999,489.639992
10/11/2013,54.37,15.26,34.150002,492.809998
10/14/2013,54.770001,15.49,34,496.039978
10/15/2013,53.97,15.41,33.380001,498.679985
10/16/2013,53.52,15.6,33.09,501.110001
10/17/2013,51.379997,15.63,32.740002,504.499985
10/18/2013,52.199996,15.81,33.43,508.889992
10/21/2013,51.939999,15.85,34.060001,521.360023
10/22/2013,51.829997,15.77,33.939999,519.870003
10/23/2013,51.729997,15.5,33.099998,524.959999
10/24/2013,52.339999,15.39,33.080002,531.910011
10/25/2013,51.639999,15.24,32.25,525.960022
10/28/2013,51.97,15.21,32.349998,529.880005
10/29/2013,53.339999,15.23,33.169998,516.680023
10/30/2013,52.729997,15.22,32.57,524.900024
10/31/2013,52.709998,15.19,32.939999,522.699974
11/1/2013,51.939999,15.26,33.18,520.030006
11/4/2013,51.37,14.82,33.189999,526.75
11/5/2013,51.079997,14.8,32.970001,525.449997
11/6/2013,53.279997,14.9,32.880001,520.920013
11/7/2013,52.57,14.55,32.110001,512.490021
11/8/2013,52.999996,15.56,33.119999,520.560005
11/11/2013,52.82,15.69,33.82,519.050011
11/12/2013,52.829997,15.72,34.07,520.009979
11/13/2013,53.029997,16.15,35.099998,520.63002
11/14/2013,52.879997,16.219999,35.689999,528.160019
11/15/2013,52.599996,16.17,35.470001,524.990013
11/18/2013,52.079997,15.78,34.98,518.629974
11/19/2013,52.129997,15.44,34.630001,519.549995
11/20/2013,50.389998,15.21,35.619999,514.999985
11/21/2013,50.209997,15.33,36.299999,521.139992
11/22/2013,50.329997,15.18,36.490002,519.799988
11/25/2013,49.039998,15.51,36.290001,523.739998
11/26/2013,48.759997,15.64,36.639999,533.399979
11/27/2013,49.3,15.7,36.959999,545.959999
11/29/2013,50.519999,15.6,36.98,556.069977
12/2/2013,51.350001,15.75,37.009998,551.230026
12/3/2013,51.929997,15.74,36.560001,566.319984
12/4/2013,51.089999,15.96,38.130001,565.000008
12/5/2013,51.409998,15.7,38.869999,567.899994
12/6/2013,52.009998,15.47,38.860001,560.019974
12/9/2013,51.689999,15.21,38.869999,566.43
12/10/2013,51.92,15.56,40.220001,565.54998
12/11/2013,51.37,15.41,39.16,561.359978
12/12/2013,51.37,15.11,39.349998,560.539986
12/13/2013,51.550001,15.02,39.73,554.429993
12/16/2013,53.109998,15.04,39.73,557.500023
12/17/2013,52.579997,15.11,39.509998,554.990005
12/18/2013,53.129997,15.32,40.040001,550.769989
12/19/2013,53.399997,15.38,40.200001,544.459991
12/20/2013,54.579998,15.69,40.119999,549.019989
12/23/2013,55.299997,15.78,40.77,570.090004
12/24/2013,55.169996,15.82,40.849998,567.669975
12/26/2013,54.059999,15.67,40.650002,563.900009
12/27/2013,54.179998,15.76,40.490002,560.089989
12/30/2013,54.009999,15.97,40.200001,554.519981
12/31/2013,54.870001,16.02,40.439999,561.019997
1/2/2014,53.939995,15.86,39.59,553.12999
1/3/2014,53.259998,15.67,40.119999,540.980019
1/6/2014,51.779997,15.88,39.93,543.929993
1/7/2014,52.869995,16.139999,40.919998,540.040024
1/8/2014,52.369995,16.360001,41.02,543.460022
1/9/2014,52.07,15.75,40.919998,536.519997
1/10/2014,52.159998,15.73,41.23,532.939995
1/13/2014,52.539999,15.36,39.990002,535.730019
1/14/2014,52.959998,15.84,41.139999,546.390022
1/15/2014,53.789999,16.01,41.07,557.359993
1/16/2014,53.739999,16.059999,40.34,554.250015
1/17/2014,53.200001,15.99,40.009998,540.669998
1/21/2014,54.150001,16.049999,39.52,549.069977
1/22/2014,54.409999,16.030001,40.18,551.509979
1/23/2014,54.939995,15.97,39.389999,556.179993
1/24/2014,54.369996,15.56,37.91,546.070015
1/27/2014,52.879997,15.46,36.650002,550.500023
1/28/2014,53.159998,15.61,38.220001,506.499977
1/29/2014,52.189999,15.46,34.889999,500.749992
1/30/2014,53.179997,15.72,35.310001,499.779984
1/31/2014,53.200001,15.7,36.009998,500.599976
2/3/2014,52.389999,15.49,34.900002,501.529984
2/4/2014,52.909998,15.58,35.66,508.790016
2/5/2014,53.52,15.44,35.490002,512.589996
2/6/2014,54.369996,15.64,36.240002,512.509995
2/7/2014,54.59,15.87,37.23,519.679985
2/10/2014,53.779998,15.92,37.759998,528.989998
2/11/2014,54.309999,16.25,38.5,535.959984
2/12/2014,54.830002,16.83,38.110001,535.919983
2/13/2014,54.919996,17.360001,38.52,544.429977
2/14/2014,54.770001,17.91,38.23,543.990021
2/18/2014,55.150002,17.9,38.310001,545.990013
2/19/2014,54.74,18.139999,37.810001,537.370003
2/20/2014,54.959999,18.780001,37.790001,531.149994
2/21/2014,54.59,18.639999,37.290001,525.249992
2/24/2014,56.299997,18.91,37.419998,527.550018
2/25/2014,56.150002,18.74,37.259998,522.060013
2/26/2014,57.34,18.709999,37.619999,517.349998
2/27/2014,58.340001,18.5,38.470001,527.670021
2/28/2014,58.769997,18.379999,38.669998,526.239975
3/3/2014,58.31,18.290001,38.25,527.76001
3/4/2014,59.06,18.48,39.630001,531.239983
3/5/2014,58.86,18.639999,39.5,532.360008
3/6/2014,59.299998,18.379999,39.66,530.749985
3/7/2014,59.06,18.360001,38.700001,530.440018
3/10/2014,58.220001,18.09,38.049999,530.919975
3/11/2014,57.54,18.27,37.560001,536.089973
3/12/2014,57.979999,18.32,37.5,536.609985
3/13/2014,56.699997,17.74,37.23,530.650009
3/14/2014,56.74,17.82,37.599998,524.68998
3/17/2014,57.419997,17.82,39.110001,526.740013
3/18/2014,57.84,18.24,39.450001,531.399986
3/19/2014,57.299998,18.559999,38.610001,531.26001
3/20/2014,57.119997,18.57,37.77,528.700005
3/21/2014,56.959999,18.540001,37.939999,532.86998
3/24/2014,56.54,18.450001,36.68,539.190018
3/25/2014,56.329998,18.450001,35.93,544.98999
3/26/2014,55.599997,18.030001,35.450001,539.779991
3/27/2014,55.179998,17.790001,35.59,537.459991
3/28/2014,55.189995,17.9,35.900002,536.859978
3/31/2014,55.24,17.91,35.900002,536.739975
4/1/2014,56.04,18.65,36.490002,541.649994
4/2/2014,55.449997,18.530001,36.639999,542.549988
4/3/2014,54.580002,18.73,35.759998,538.790009
4/4/2014,53.999997,18.15,34.259998,531.820023
4/7/2014,52.950001,18.209999,33.07,523.469978
4/8/2014,54.799997,18.860001,33.830002,523.440018
4/9/2014,55.89,18.84,34.869999,530.320015
4/10/2014,54.080002,18.379999,33.400002,523.480019
4/11/2014,53.459998,18.120001,32.869999,519.610023
4/14/2014,53.979998,18.32,33.450001,521.679977
4/15/2014,53.900001,18.450001,34.209999,517.959999
4/16/2014,54.689995,18.49,36.349998,519.01001
4/17/2014,54.970001,18.559999,36.380001,524.940025
4/21/2014,54.929998,18.709999,36.400002,531.170021
4/22/2014,55.470001,18.870001,36.139999,531.70002
4/23/2014,54.939995,19.09,35.439999,524.750008
4/24/2014,54.84,19.26,35.240002,567.770004
4/25/2014,53.72,18.73,34.48,571.93998
4/28/2014,53.639999,18.65,33.990002,594.090019
4/29/2014,54.54,18.690001,35.830002,592.329979
4/30/2014,51.830002,18.469999,35.950001,590.089981
5/1/2014,51.689999,18.57,36.509998,591.480026
5/2/2014,52.009998,18.43,36.869999,592.580025
5/5/2014,51.999996,18.629999,36.91,600.959976
5/6/2014,50.95,18.25,36.490002,594.410027
5/7/2014,50.569999,18.27,34.07,592.329979
5/8/2014,50.259997,18.5,33.919998,587.990013
5/9/2014,50.539998,18.049999,33.759998,585.540024
5/12/2014,51.330001,18.58,34.450001,592.830017
5/13/2014,51.580001,18.280001,34.400002,593.760025
5/14/2014,51.650001,18.1,34.169998,593.869987
5/15/2014,51.359998,18,33.799999,588.819992
5/16/2014,51.950001,17.959999,33.41,597.510017
5/19/2014,52.330002,18.540001,33.889999,604.590019
5/20/2014,51.959998,18.24,33.869999,604.710022
5/21/2014,51.880002,18.24,34.360001,606.310005
5/22/2014,51.500001,18.32,34.700001,607.269974
5/23/2014,52.02,18.49,35.02,614.129997
5/27/2014,51.77,18.82,35.119999,625.63002
5/28/2014,50.389998,18.98,34.779999,624.01001
5/29/2014,50.139998,18.950001,34.900002,635.37999
5/30/2014,50.729997,19,34.650002,633.000015
6/2/2014,50.489998,18.940001,34.869999,628.650009
6/3/2014,50.419995,18.860001,34.650002,637.539986
6/4/2014,50.45,18.879999,34.73,644.819992
6/5/2014,50.580001,18.959999,34.939999,647.349983
6/6/2014,49.7,19.030001,35.919998,645.570023
6/9/2014,49.580001,19.049999,36.040001,93.699997
6/10/2014,48.25,19.15,36.310001,94.25
6/11/2014,48.830001,19.4,36.630001,93.860001
6/12/2014,48.560002,19.52,36.779999,92.290001
6/13/2014,49.039998,19.540001,36.939999,91.279999
6/16/2014,49,19.48,34.810001,92.199997
6/17/2014,49.060002,19.610001,34.43,92.080002
6/18/2014,49.659997,19.59,34.939999,92.18
6/19/2014,49.599995,19.139999,34.68,91.860001
6/20/2014,49.339998,18.93,34.049999,90.910004
6/23/2014,49.389998,18.709999,33.639999,90.830002
6/24/2014,48.849995,18.42,33.48,90.279999
6/25/2014,49.319999,18.610001,33.25,90.360001
6/26/2014,49.469999,18.360001,33.66,90.900002
6/27/2014,50.080001,18.379999,34.25,91.980003
6/30/2014,50.060002,18.540001,35.130001,92.93
7/1/2014,50.5,18.75,35.349998,93.519997
7/2/2014,50.549996,18.68,35.880001,93.480003
7/3/2014,50.939999,18.85,36.139999,94.029999
7/7/2014,50.739999,18.700001,35.52,95.970001
7/8/2014,50.179997,18.549999,34.529999,95.349998
7/9/2014,50.929997,19.110001,34.849998,95.389999
7/10/2014,50.339998,19.01,34.93,95.040001
7/11/2014,51.500001,19.049999,35.43,95.220001
7/14/2014,51.159998,19.290001,35.700001,96.449997
7/15/2014,50.819999,19.370001,35.610001,95.32
7/16/2014,50.7,19.35,33.790001,94.779999
7/17/2014,51.029997,19.299999,33.209999,93.089996
7/18/2014,51.479997,18.440001,33.330002,94.43
7/21/2014,51.700001,18.549999,33.279999,93.940002
7/22/2014,52.049996,18.469999,33.599998,94.720001
7/23/2014,52.659998,18.08,34.709999,97.190002
7/24/2014,53.229997,18.110001,36.169998,97.029999
7/25/2014,52.749996,17.790001,36.119999,97.669998
7/28/2014,52.929997,17.719999,35.900002,99.019997
7/29/2014,53.209998,17.780001,35.68,98.379997
7/30/2014,53.229997,18.08,36.599998,98.150002
7/31/2014,52.830002,17.5,35.810001,95.599998
8/1/2014,52.529997,17.690001,35.619999,96.129997
8/4/2014,53.059998,17.65,36.529999,95.589996
8/5/2014,53.259998,17.66,35.700001,95.120003
8/6/2014,53.459998,17.639999,35.790001,94.959999
8/7/2014,53.559998,17.459999,35.66,94.480003
8/8/2014,54.089999,19,35.91,94.739998
8/11/2014,53.879998,18.9,35.790001,95.989998
8/12/2014,53.429997,18.9,35.52,95.970001
8/13/2014,52.939999,19.01,36.189999,97.239998
8/14/2014,52.929997,18.799999,36.360001,97.5
8/15/2014,52.639999,19.040001,36.470001,97.980003
8/18/2014,53.109998,19.299999,37.380001,99.160004
8/19/2014,53.749997,19.370001,37.830002,100.529999
8/20/2014,53.400001,19.25,37.5,100.57
8/21/2014,55.89,19.07,37.639999,100.580002
8/22/2014,55.499997,19.08,38.009998,101.32
8/25/2014,55.49,19.110001,37.709999,101.540001
8/26/2014,56.249997,19.450001,37.790001,100.889999
8/27/2014,55.919996,19.23,38.18,102.129997
8/28/2014,55.429998,19.389999,38.310001,102.25
8/29/2014,55.499997,19.450001,38.509998,102.5
9/2/2014,54.879998,19.5,39.27,103.300003
9/3/2014,54.549997,19.68,38.869999,98.940002
9/4/2014,54.439995,20.030001,39.189999,98.120003
9/5/2014,53.900001,19.969999,39.59,98.970001
9/8/2014,54.229998,19.790001,41.810001,98.360001
9/9/2014,52.729997,19.540001,40.779999,97.989998
9/10/2014,51.099996,19.610001,41.139999,101
9/11/2014,50.679997,19.41,41.259998,101.43
9/12/2014,52.189999,19.120001,42.880001,101.660004
9/15/2014,50.959998,18.860001,42.549999,101.629997
9/16/2014,51.609998,19.139999,42.709999,100.860001
9/17/2014,51.950001,19.15,42.59,101.580002
9/18/2014,52.700001,19.440001,42.09,101.790001
9/19/2014,52.400001,19.08,40.93,100.959999
9/22/2014,52.47,18.889999,38.650002,101.059998
9/23/2014,52.739999,18.809999,39.049999,102.639999
9/24/2014,52.929997,18.92,39.880001,101.75
9/25/2014,52.150001,18.51,38.950001,97.870003
9/26/2014,52.929997,18.549999,40.66,100.75
9/29/2014,52.659998,18.52,40.52,100.110001
9/30/2014,56.629998,18.450001,40.75,100.75
10/1/2014,55.459999,18.27,40.32,99.18
10/2/2014,54.859999,18.190001,40.5,99.900002
10/3/2014,54.439995,18.23,41.029999,99.620003
10/6/2014,53.549997,18.120001,41.52,99.620003
10/7/2014,52.97,17.93,40.93,98.75
10/8/2014,54.509999,18.26,41.080002,100.800003
10/9/2014,52.859998,17.91,41.099998,101.019997
10/10/2014,51.859998,16.85,39.599998,100.730003
10/13/2014,50.459998,16.790001,38.380001,99.809998
10/14/2014,50.589998,17.18,37.970001,98.75
10/15/2014,50.239998,17.440001,37.82,97.540001
10/16/2014,47.88,17.450001,38.119999,96.260002
10/17/2014,47.95,17.42,38.450001,97.669998
10/20/2014,49.2,17.57,39.279999,99.760002
10/21/2014,50.859998,18.32,40.18,102.470001
10/22/2014,50.130001,17.889999,42,102.989998
10/23/2014,50.789999,18.290001,42.599998,104.830002
10/24/2014,51.12,18.48,43.5,105.220001
10/27/2014,51.189999,18.49,44.700001,105.110001
10/28/2014,51.2,18.93,45.869999,106.739998
10/29/2014,51.330001,18.809999,45.43,107.339996
10/30/2014,51.549996,18.690001,45.630001,106.980003
10/31/2014,52.499996,19.540001,46.049999,108
11/3/2014,52.700001,19.870001,46.34,109.400002
11/4/2014,53.27,20.129999,47.080002,108.599998
11/5/2014,53.589999,20.129999,47.459999,108.860001
11/6/2014,53.259998,20.219999,47.93,108.699997
11/7/2014,53.52,19.790001,48.549999,109.010002
11/10/2014,53.889999,20.02,49.41,108.830002
11/11/2014,54.189995,19.780001,49.049999,109.699997
11/12/2014,54.059999,19.65,50.599998,111.25
11/13/2014,54.369996,19.549999,50.5,112.82
11/14/2014,54.359999,19.790001,51.75,114.18
11/17/2014,54.830002,19.700001,52.369999,113.989998
11/18/2014,55.379998,20.17,51.75,115.470001
11/19/2014,54.939995,20.01,50.580002,114.669998
11/20/2014,54.54,20.34,51.25,116.309998
11/21/2014,54.419996,20.450001,51.040001,116.470001
11/24/2014,54.39,20.58,51.830002,118.629997
11/25/2014,54.400001,20.57,51.720001,117.599998
11/26/2014,54.569996,20.92,51.93,119
11/28/2014,54.879998,20.969999,51.740002,118.93
12/1/2014,54.869996,20.58,50.099998,115.07
12/2/2014,55.020001,20.610001,50.669998,114.629997
12/3/2014,54.809999,21.139999,50.279999,115.93
12/4/2014,54.669996,20.950001,50.41,115.489998
12/5/2014,54.809999,21.07,50.990002,115
12/8/2014,55.150002,20.799999,49.619999,112.400002
12/9/2014,55.400002,20.73,50.509998,114.120003
12/10/2014,55.270001,20.27,49.209999,111.949997
12/11/2014,56.79,20.26,49.939999,111.620003
12/12/2014,55.770001,19.629999,50.240002,109.730003
12/15/2014,55.439995,19.57,49.82,108.230003
12/16/2014,55.939995,19.35,48.849998,106.75
12/17/2014,56.409999,20.139999,50.119999,109.410004
12/18/2014,57.529999,20.219999,50.91,112.650002
12/19/2014,57.139996,20.42,50.880001,111.779999
12/22/2014,57.329999,20.780001,51.150002,112.940002
12/23/2014,57.229998,20.65,50.02,112.540001
12/24/2014,57.099998,20.57,50.650002,112.010002
12/26/2014,57.04,20.59,50.860001,113.989998
12/29/2014,57.029998,20.559999,50.529999,113.910004
12/30/2014,57.220001,20.370001,51.220001,112.519997
12/31/2014,56.119996,20.049999,50.509998,110.379997
1/2/2015,56.209999,20.129999,50.169998,109.330002
1/5/2015,55.74,19.790001,49.130001,106.25
1/6/2015,55.019996,19.190001,49.209999,106.260002
1/7/2015,54.929998,19.139999,48.59,107.75
1/8/2015,56.409999,19.860001,50.23,111.889999
1/9/2015,55.629998,19.940001,49.720001,112.010002
1/12/2015,55.199997,19.690001,48.799999,109.25
1/13/2015,55.129998,19.66,48.299999,110.220001
1/14/2015,54.029998,19.74,47.509998,109.800003
1/15/2015,53.02,19.6,46.23,106.82
1/16/2015,53.659998,19.959999,46.470001,105.989998
1/20/2015,53.679998,20.02,47.630001,108.720001
1/21/2015,53.379997,20.299999,48.18,109.550003
1/22/2015,57.149998,20.65,48.889999,112.400002
1/23/2015,56.759999,20.709999,48.950001,112.980003
1/26/2015,56.059999,20.620001,49.439999,113.099998
1/27/2015,54.69,19.629999,47.990002,109.139999
1/28/2015,53.839999,19.309999,46.459999,115.309998
1/29/2015,53.959999,19.780001,43.73,118.900002
1/30/2015,52.999996,19.200001,43.990002,117.160004
