Date,EBAY,NVDA,YHOO
1/4/2010,23.9,18.49,17.1
1/5/2010,23.65,18.76,17.23
1/6/2010,23.5,18.879999,17.17
1/7/2010,23.229998,18.51,16.700001
1/8/2010,23.509999,18.549999,16.700001
1/11/2010,23.45,18.290001,16.74
1/12/2010,23.19,17.67,16.68
1/13/2010,23.6,17.91,16.9
1/14/2010,22.88,17.629999,17.120001
1/15/2010,22.469998,17.110001,16.82
1/19/2010,23.259999,17.43,16.75
1/20/2010,22.23,17.360001,16.379999
1/21/2010,24.129998,17.049999,16.200001
1/22/2010,23.579998,16.459999,15.88
1/25/2010,23.69,16.74,15.86
1/26/2010,24.069999,16.209999,15.99
1/27/2010,23.969999,16.65,15.98
1/28/2010,23.329998,16.09,15.44
1/29/2010,23.019999,15.39,15.01
2/1/2010,23.169999,16.57,15.05
2/2/2010,23.079998,16.74,15.17
2/3/2010,23.229998,16.879999,15.46
2/4/2010,22.449999,15.9,15.01
2/5/2010,22.709999,16.219999,15.19
2/8/2010,22.49,16.190001,14.99
2/9/2010,22.369998,16.059999,15.07
2/10/2010,21.959999,16.370001,14.8
2/11/2010,22.13,17.120001,15.22
2/12/2010,21.769998,17.35,15.17
2/16/2010,22.519998,17.67,15.41
2/17/2010,22.68,17.84,15.44
2/18/2010,22.84,16.67,15.54
2/19/2010,23.419999,16.58,15.58
2/22/2010,23.279998,16.610001,15.49
2/23/2010,22.89,16.209999,15.38
2/24/2010,23.259999,16.549999,15.59
2/25/2010,23,16.4,15.24
2/26/2010,23.019999,16.200001,15.31
3/1/2010,23.879998,16.85,15.79
3/2/2010,23.99,16.84,15.73
3/3/2010,23.509999,16.629999,15.57
3/4/2010,23.779998,16.66,15.81
3/5/2010,24.629999,17.17,16.059999
3/8/2010,24.839998,16.92,16.52
3/9/2010,25.51,17.549999,16.530001
3/10/2010,25.56,17.59,16.790001
3/11/2010,25.439998,17.190001,16.530001
3/12/2010,25.969999,17.25,16.32
3/15/2010,26.279999,17.16,16.459999
3/16/2010,26.789999,17.76,16.360001
3/17/2010,26.979999,18.1,16.5
3/18/2010,27.46,17.459999,16.559999
3/19/2010,27.189999,17.25,16.440001
3/22/2010,27.07,17.530001,16.34
3/23/2010,27.049998,17.889999,16.030001
3/24/2010,26.939999,17.290001,16.09
3/25/2010,27.559998,17.34,16.32
3/26/2010,27.449998,17.34,16.540001
3/29/2010,27.279999,17.559999,16.559999
3/30/2010,27.139999,17.629999,16.610001
3/31/2010,26.97,17.4,16.530001
4/1/2010,26.57,17.219999,16.290001
4/5/2010,27.37,17.48,16.51
4/6/2010,27.27,17.049999,16.92
4/7/2010,26.849998,17.16,16.870001
4/8/2010,26.46,16.879999,17.35
4/9/2010,26.549998,16.99,17.52
4/12/2010,26.629999,17.299999,17.639999
4/13/2010,26.639999,17.66,18.18
4/14/2010,27.039999,17.879999,18.379999
4/15/2010,26.979999,18.01,18.969999
4/16/2010,26.329999,17.059999,18.17
4/19/2010,26.32,16.98,18.389999
4/20/2010,26.399998,17.040001,18.379999
4/21/2010,26.289999,16.6,17.450001
4/22/2010,24.779999,16.67,17.719999
4/23/2010,24.55,16.440001,17.639999
4/26/2010,24.559999,16.6,17.389999
4/27/2010,23.769999,16.129999,16.92
4/28/2010,23.99,16.16,16.75
4/29/2010,24.24,16.65,16.969999
4/30/2010,23.779998,15.71,16.530001
5/3/2010,23.909999,15.54,16.950001
5/4/2010,23.079998,14.75,16.32
5/5/2010,22.659999,14.5,16.49
5/6/2010,22.269998,14.2,15.92
5/7/2010,21.48,13.96,15.29
5/10/2010,22.33,14.56,16.33
5/11/2010,22.38,14.4,16.41
5/12/2010,22.509999,14.68,16.469999
5/13/2010,22.68,14.65,16.139999
5/14/2010,22.249999,12.96,16.389999
5/17/2010,22.509999,12.99,16.27
5/18/2010,22.169998,12.56,16.030001
5/19/2010,21.64,12.76,15.79
5/20/2010,20.809998,12.46,15.1
5/21/2010,21.42,12.73,15.48
5/24/2010,21.359999,12.36,15.54
5/25/2010,21.59,12.69,15.31
5/26/2010,21.38,12.75,15.45
5/27/2010,21.909999,13.5,15.69
5/28/2010,21.409999,13.14,15.34
6/1/2010,20.959999,12.58,15.02
6/2/2010,21.249999,12.72,15.18
6/3/2010,22.18,12.7,15.43
6/4/2010,21.99,12.1,15
6/7/2010,21.549999,11.5,14.94
6/8/2010,21.69,11.18,14.79
6/9/2010,21.78,10.91,14.69
6/10/2010,22.28,11.35,15.1
6/11/2010,22.649999,11.61,15.29
6/14/2010,22.209999,11.36,15.17
6/15/2010,22.39,11.92,15.65
6/16/2010,22.13,11.77,15.49
6/17/2010,22.099999,12.22,15.6
6/18/2010,22.159999,12.3,15.54
6/21/2010,21.869998,12.01,15.21
6/22/2010,21.559999,11.56,15.09
6/23/2010,21.34,11.69,15.23
6/24/2010,20.859998,11.11,14.83
6/25/2010,20.949999,11.08,14.81
6/28/2010,20.709998,11.1,14.73
6/29/2010,19.689999,10.48,14.04
6/30/2010,19.61,10.21,13.84
7/1/2010,19.639999,10.38,14.09
7/2/2010,19.26,10.25,14.07
7/6/2010,19.349999,10.14,14.13
7/7/2010,19.81,10.63,14.4
7/8/2010,19.889999,10.31,14.6
7/9/2010,20.289999,10.35,14.89
7/12/2010,20.22,10.54,14.94
7/13/2010,21.009999,10.92,15.52
7/14/2010,21.109999,11.03,15.37
7/15/2010,21.03,10.72,15.37
7/16/2010,20.089999,10.05,14.9
7/19/2010,20.399999,10.46,15.1
7/20/2010,20.789999,10.72,15.2
7/21/2010,20.17,10.37,13.91
7/22/2010,20.939999,10.54,13.88
7/23/2010,21.089999,10.36,13.99
7/26/2010,21.139999,10.55,14.15
7/27/2010,21.039999,10.46,13.95
7/28/2010,21.039999,10.13,13.87
7/29/2010,20.77,9.13,13.76
7/30/2010,20.909998,9.19,13.88
8/2/2010,21.459999,9.18,14
8/3/2010,20.97,8.94,13.94
8/4/2010,21.099999,9.32,14.18
8/5/2010,21.07,9.44,14.16
8/6/2010,21.449999,9.55,14.34
8/9/2010,21.98,9.64,14.4
8/10/2010,21.909999,9.24,14.35
8/11/2010,21.249999,8.88,13.87
8/12/2010,21.59,8.96,13.85
8/13/2010,21.499999,9.39,13.83
8/16/2010,22.049999,9.15,13.79
8/17/2010,22.349999,9.27,13.94
8/18/2010,22.74,9.32,13.99
8/19/2010,23.129998,9.88,13.85
8/20/2010,23.369999,9.97,13.79
8/23/2010,23.269999,9.82,13.65
8/24/2010,22.869999,9.72,13.4
8/25/2010,23.159999,9.92,13.26
8/26/2010,22.73,9.8,13.21
8/27/2010,23.179998,10.12,13.43
8/30/2010,23.129998,9.64,13.18
8/31/2010,23.229998,9.33,13.11
9/1/2010,24.029998,9.4,13.37
9/2/2010,24.059999,9.57,13.51
9/3/2010,24.129998,9.9,13.62
9/7/2010,23.529998,9.99,13.53
9/8/2010,24.569999,10.32,13.75
9/9/2010,24.3,10.18,13.65
9/10/2010,24.1,10.07,13.68
9/13/2010,24.3,10.64,13.73
9/14/2010,24.25,10.54,13.63
9/15/2010,24.19,10.56,14.27
9/16/2010,23.9,10.57,14.19
9/17/2010,24.219999,10.55,13.89
9/20/2010,24.65,10.71,13.86
9/21/2010,24.739998,11.29,14.18
9/22/2010,24.34,11.39,14.04
9/23/2010,24.25,11.62,14.17
9/24/2010,24.739998,12.26,14.5
9/27/2010,24.769999,12,14.28
9/28/2010,24.869999,11.97,14.39
9/29/2010,24.989998,11.88,14.34
9/30/2010,24.4,11.68,14.17
10/1/2010,24.459999,11.35,14.27
10/4/2010,24.079998,11.24,14.28
10/5/2010,24.589998,11.32,14.61
10/6/2010,24.45,10.78,14.52
10/7/2010,24.75,10.7,14.23
10/8/2010,24.61,10.86,14.49
10/11/2010,24.29,10.81,14.41
10/12/2010,24.45,11.02,14.43
10/13/2010,24.869999,11.34,15.25
10/14/2010,25.279999,11.16,15.93
10/15/2010,25.679999,11.29,16.25
10/18/2010,25.719999,11.36,15.93
10/19/2010,25.529999,11.29,15.49
10/20/2010,25.66,11.29,15.8
10/21/2010,27.199998,11.09,15.97
10/22/2010,28.07,11.8,16.309999
10/25/2010,27.93,11.91,16.4
10/26/2010,28.749999,11.87,16.459999
10/27/2010,29.28,12.04,16.42
10/28/2010,29.719998,12.05,16.4
10/29/2010,29.859999,12.02,16.49
11/1/2010,29.359999,12.04,16.15
11/2/2010,30.069998,12.29,16.190001
11/3/2010,30.109999,12.38,16.17
11/4/2010,30.149999,12.4,16.200001
11/5/2010,30.869999,12.61,16.27
11/8/2010,30.84,12.66,16.440001
11/9/2010,30.529998,12.59,16.969999
11/10/2010,30.929998,12.74,16.940001
11/11/2010,30.79,12.61,16.799999
11/12/2010,30.14,13.26,16.549999
11/15/2010,30.059999,13.1,16.6
11/16/2010,29.769998,12.71,16.24
11/17/2010,30.14,12.92,16.15
11/18/2010,30.569998,13.32,16.99
11/19/2010,30.299999,13.75,16.57
11/22/2010,30.64,13.76,16.559999
11/23/2010,30.18,13.44,16.190001
11/24/2010,31.209999,13.77,16.41
11/26/2010,31.149999,13.6,16.219999
11/29/2010,30.23,13.75,16.379999
11/30/2010,29.139999,13.61,15.82
12/1/2010,29.259999,14.21,16.15
12/2/2010,29.909999,14.38,16.33
12/3/2010,29.609999,14.79,16.35
12/6/2010,29.489999,14.51,16.33
12/7/2010,29.999999,14.98,16.940001
12/8/2010,30.149999,15.11,17.02
12/9/2010,30.349999,14.86,16.950001
12/10/2010,30.69,14.95,17.01
12/13/2010,30.28,14.57,16.700001
12/14/2010,30.749999,14.59,16.629999
12/15/2010,30.19,14.27,16.450001
12/16/2010,30.529998,14.29,16.51
12/17/2010,29.819998,14.37,16.379999
12/20/2010,29.58,14.31,16.280001
12/21/2010,28.649999,14.87,16.6
12/22/2010,28.57,15.03,16.629999
12/23/2010,28.32,14.92,16.719999
12/27/2010,28.309998,15,16.48
12/28/2010,28.349999,14.94,16.43
12/29/2010,28.359998,14.94,16.610001
12/30/2010,28.13,14.99,16.76
12/31/2010,27.829999,15.4,16.629999
1/3/2011,28.68,NaN,16.75
1/4/2011,28.47,NaN,16.59
1/5/2011,28.73,NaN,16.91
1/6/2011,28.42,NaN,17.059999
1/7/2011,27.699999,NaN,16.9
1/10/2011,28.259998,NaN,16.6
1/11/2011,28.359998,NaN,16.58
1/12/2011,28.83,NaN,16.65
1/13/2011,28.709998,NaN,16.75
1/14/2011,29.18,NaN,16.809999
1/18/2011,29.449999,NaN,16.5
1/19/2011,29.099999,NaN,16.309999
1/20/2011,30.779998,NaN,16.23
1/21/2011,30.019998,NaN,15.97
1/24/2011,30.509999,NaN,16.09
1/25/2011,30.909999,NaN,16.02
1/26/2011,31.059999,NaN,15.57
1/27/2011,30.959999,NaN,16.200001
1/28/2011,30.309999,NaN,15.83
1/31/2011,30.359999,NaN,16.120001
2/1/2011,31.64,NaN,16.379999
2/2/2011,31.879998,NaN,16.57
2/3/2011,32.05,NaN,16.690001
2/4/2011,32.209999,NaN,16.790001
2/7/2011,32.239998,NaN,16.799999
2/8/2011,32.639998,NaN,16.6
2/9/2011,31.95,NaN,16.43
2/10/2011,34.489999,NaN,16.620001
2/11/2011,34.51,NaN,16.85
2/14/2011,33.86,NaN,16.889999
2/15/2011,34.46,NaN,17.200001
2/16/2011,34.46,NaN,17.76
2/17/2011,34.689999,NaN,17.77
2/18/2011,34.529999,NaN,17.66
2/22/2011,33.649998,NaN,16.91
2/23/2011,32.85,NaN,16.58
2/24/2011,33.089998,NaN,16.370001
2/25/2011,33.629999,NaN,16.5
2/28/2011,33.51,NaN,16.4
3/1/2011,32.289998,NaN,16.1
3/2/2011,32.679999,NaN,16.629999
3/3/2011,32.929999,NaN,16.860001
3/4/2011,32.009999,NaN,17.08
3/7/2011,31.5,NaN,16.700001
3/8/2011,31.669999,NaN,16.940001
3/9/2011,31.329998,NaN,17.65
3/10/2011,31.079998,NaN,17.059999
3/11/2011,30.919999,NaN,17.42
3/14/2011,30.769998,NaN,17.309999
3/15/2011,30.44,NaN,16.33
3/16/2011,29.73,NaN,15.91
3/17/2011,29.949999,NaN,15.86
3/18/2011,30.469998,NaN,16.030001
3/21/2011,30.579998,NaN,16.290001
3/22/2011,30.219998,NaN,16.360001
3/23/2011,30.669998,NaN,16.129999
3/24/2011,31.759999,NaN,16.83
3/25/2011,31.7,NaN,16.959999
3/28/2011,30.34,NaN,16.58
3/29/2011,31.079998,NaN,16.75
3/30/2011,31.629998,NaN,16.74
3/31/2011,31.04,NaN,16.68
4/1/2011,31.359999,NaN,16.84
4/4/2011,31.39,NaN,16.870001
4/5/2011,31.84,NaN,17.110001
4/6/2011,31.85,NaN,17.049999
4/7/2011,31.529998,NaN,17
4/8/2011,31.14,NaN,16.77
4/11/2011,31.19,NaN,16.59
4/12/2011,30.699999,NaN,16.360001
4/13/2011,30.669998,NaN,16.639999
4/14/2011,30.849999,NaN,16.690001
4/15/2011,31.609999,NaN,16.620001
4/18/2011,31.149999,NaN,16.35
4/19/2011,31.149999,NaN,16.120001
4/20/2011,31.759999,NaN,16.870001
4/21/2011,31.95,NaN,16.85
4/25/2011,32.96,NaN,17.110001
4/26/2011,33.079999,NaN,17.280001
4/27/2011,34.029999,NaN,17.26
4/28/2011,33.999998,NaN,17.51
4/29/2011,34.389999,NaN,17.700001
5/2/2011,33.639998,NaN,NaN
5/3/2011,33.539998,NaN,NaN
5/4/2011,33.01,NaN,NaN
5/5/2011,32.679999,NaN,NaN
5/6/2011,32.719999,NaN,NaN
5/9/2011,33.119999,NaN,NaN
5/10/2011,33.929999,NaN,NaN
5/11/2011,33.31,NaN,NaN
5/12/2011,33.579999,NaN,NaN
5/13/2011,33.569999,NaN,NaN
5/16/2011,32.369999,NaN,NaN
5/17/2011,32.65,NaN,NaN
5/18/2011,32.879999,NaN,NaN
5/19/2011,32.9,NaN,NaN
5/20/2011,32.479998,NaN,NaN
5/23/2011,31.629998,NaN,NaN
5/24/2011,30.819998,NaN,NaN
5/25/2011,30.699999,NaN,NaN
5/26/2011,30.659999,NaN,NaN
5/27/2011,30.679998,NaN,NaN
5/31/2011,31.169999,NaN,NaN
6/1/2011,30.64,NaN,NaN
6/2/2011,31.279998,NaN,NaN
6/3/2011,30.299999,NaN,NaN
6/6/2011,29.559999,NaN,NaN
6/7/2011,29.919998,NaN,NaN
6/8/2011,30.569998,NaN,NaN
6/9/2011,30.659999,NaN,NaN
6/10/2011,29.959999,NaN,NaN
6/13/2011,29.859999,NaN,NaN
6/14/2011,29.759999,NaN,NaN
6/15/2011,28.659998,NaN,NaN
6/16/2011,28.47,NaN,NaN
6/17/2011,28.83,NaN,NaN
6/20/2011,28.82,NaN,NaN
6/21/2011,29.78,NaN,NaN
6/22/2011,29.349999,NaN,NaN
6/23/2011,29.249999,NaN,NaN
6/24/2011,28.349999,NaN,NaN
6/27/2011,28.709998,NaN,NaN
6/28/2011,28.959998,NaN,NaN
6/29/2011,30.859999,NaN,NaN
6/30/2011,32.269999,NaN,NaN
7/1/2011,32.739998,NaN,NaN
7/5/2011,32.639998,NaN,NaN
7/6/2011,32.919999,NaN,NaN
7/7/2011,33.329999,NaN,NaN
7/8/2011,33.419999,NaN,NaN
7/11/2011,32.91,NaN,NaN
7/12/2011,32.259999,NaN,NaN
7/13/2011,32.379998,NaN,NaN
7/14/2011,32.189998,NaN,NaN
7/15/2011,32.809999,NaN,NaN
7/18/2011,32.7,NaN,NaN
7/19/2011,33.76,NaN,NaN
7/20/2011,33.169999,NaN,NaN
7/21/2011,33.439998,NaN,NaN
7/22/2011,33.499998,NaN,NaN
7/25/2011,33.799998,NaN,NaN
7/26/2011,34.419999,NaN,NaN
7/27/2011,33.36,NaN,NaN
7/28/2011,33.35,NaN,NaN
7/29/2011,32.75,NaN,NaN
8/1/2011,33.019999,NaN,NaN
8/2/2011,31.75,NaN,NaN
8/3/2011,32.25,NaN,NaN
8/4/2011,30.04,NaN,NaN
8/5/2011,29.299999,NaN,NaN
8/8/2011,26.949998,NaN,NaN
8/9/2011,30.159999,NaN,NaN
8/10/2011,29.149999,NaN,NaN
8/11/2011,30.199999,NaN,NaN
8/12/2011,30.529998,NaN,NaN
8/15/2011,30.89,NaN,NaN
8/16/2011,30.359999,NaN,NaN
8/17/2011,30.249999,NaN,NaN
8/18/2011,27.939999,NaN,NaN
8/19/2011,27.16,NaN,NaN
8/22/2011,27.36,NaN,NaN
8/23/2011,28.92,NaN,NaN
8/24/2011,29.049999,NaN,NaN
8/25/2011,28.33,NaN,NaN
8/26/2011,29.459999,NaN,NaN
8/29/2011,30.49,NaN,NaN
8/30/2011,30.949999,NaN,NaN
8/31/2011,30.869999,NaN,NaN
9/1/2011,30.39,NaN,NaN
9/2/2011,29.409999,NaN,NaN
9/6/2011,29.269998,NaN,NaN
9/7/2011,29.749999,NaN,NaN
9/8/2011,30.509999,NaN,NaN
9/9/2011,28.459998,NaN,NaN
9/12/2011,29.419998,NaN,NaN
9/13/2011,29.399999,NaN,NaN
9/14/2011,30.14,NaN,NaN
9/15/2011,32.039998,NaN,NaN
9/16/2011,33.689998,NaN,NaN
9/19/2011,33.1,NaN,NaN
9/20/2011,32.729999,NaN,NaN
9/21/2011,32.239998,NaN,NaN
9/22/2011,31.669999,NaN,NaN
9/23/2011,32.079998,NaN,NaN
9/26/2011,32.55,NaN,NaN
9/27/2011,32.519999,NaN,NaN
9/28/2011,31.64,NaN,NaN
9/29/2011,30.669998,NaN,NaN
9/30/2011,29.489999,NaN,NaN
10/3/2011,28.109998,NaN,NaN
10/4/2011,29.349999,NaN,NaN
10/5/2011,30.529998,NaN,NaN
10/6/2011,31.44,NaN,NaN
10/7/2011,31.069999,NaN,NaN
10/10/2011,32.3,NaN,NaN
10/11/2011,32.829999,NaN,NaN
10/12/2011,32.75,NaN,NaN
10/13/2011,32.739998,NaN,NaN
10/14/2011,33.689998,NaN,NaN
10/17/2011,33.219999,NaN,NaN
10/18/2011,33.869999,NaN,NaN
10/19/2011,33.179999,NaN,NaN
10/20/2011,32.15,NaN,NaN
10/21/2011,32.119999,NaN,NaN
10/24/2011,32.369999,NaN,NaN
10/25/2011,31.669999,NaN,NaN
10/26/2011,31.079998,NaN,NaN
10/27/2011,32.289998,NaN,NaN
10/28/2011,33.25,NaN,NaN
10/31/2011,31.829998,NaN,NaN
11/1/2011,30.89,NaN,NaN
11/2/2011,31.779998,NaN,NaN
11/3/2011,33.05,NaN,NaN
11/4/2011,32.709999,NaN,NaN
11/7/2011,32.469999,NaN,NaN
11/8/2011,32.919999,NaN,NaN
11/9/2011,31.179998,NaN,NaN
11/10/2011,30.749999,NaN,NaN
11/11/2011,31.759999,NaN,NaN
11/14/2011,31.409999,NaN,NaN
11/15/2011,31.45,NaN,NaN
11/16/2011,30.54,NaN,NaN
11/17/2011,29.649999,NaN,NaN
11/18/2011,29.809999,NaN,NaN
11/21/2011,28.749999,NaN,NaN
11/22/2011,29.039999,NaN,NaN
11/23/2011,28.549999,NaN,NaN
11/25/2011,28.23,NaN,NaN
11/28/2011,29.659999,NaN,NaN
11/29/2011,28.749999,NaN,NaN
11/30/2011,29.59,NaN,NaN
12/1/2011,29.68,NaN,NaN
12/2/2011,29.599999,NaN,NaN
12/5/2011,30.699999,NaN,NaN
12/6/2011,30.899999,NaN,NaN
12/7/2011,30.94,NaN,NaN
12/8/2011,31.029998,NaN,NaN
12/9/2011,31.64,NaN,NaN
12/12/2011,31.129998,NaN,NaN
12/13/2011,30.84,NaN,NaN
12/14/2011,30.269998,NaN,NaN
12/15/2011,29.599999,NaN,NaN
12/16/2011,30.399999,NaN,NaN
12/19/2011,29.769998,NaN,NaN
12/20/2011,30.629998,NaN,NaN
12/21/2011,30.34,NaN,NaN
12/22/2011,30.609999,NaN,NaN
12/23/2011,30.84,NaN,NaN
12/27/2011,30.919999,NaN,NaN
12/28/2011,30.409999,NaN,NaN
12/29/2011,30.359999,NaN,NaN
12/30/2011,30.33,NaN,NaN
1/3/2012,31.34,NaN,NaN
1/4/2012,30.159999,NaN,NaN
1/5/2012,30.709999,NaN,NaN
1/6/2012,30.629998,NaN,NaN
1/9/2012,30.509999,NaN,NaN
1/10/2012,31.2,NaN,NaN
1/11/2012,31.519999,NaN,NaN
1/12/2012,31.579998,NaN,NaN
1/13/2012,30.619998,NaN,NaN
1/17/2012,30.529998,NaN,NaN
1/18/2012,30.34,NaN,NaN
1/19/2012,31.509999,NaN,NaN
1/20/2012,31.929998,NaN,NaN
1/23/2012,31.989998,NaN,NaN
1/24/2012,31.95,NaN,NaN
1/25/2012,31.939998,NaN,NaN
1/26/2012,31.709999,NaN,NaN
1/27/2012,31.85,NaN,NaN
1/30/2012,31.579998,NaN,NaN
1/31/2012,31.6,NaN,NaN
2/1/2012,32.2,NaN,NaN
2/2/2012,32.7,NaN,NaN
2/3/2012,32.95,NaN,NaN
2/6/2012,32.639998,NaN,NaN
2/7/2012,32.869999,NaN,NaN
2/8/2012,33.05,NaN,NaN
2/9/2012,33.26,NaN,NaN
2/10/2012,33.029999,NaN,NaN
2/13/2012,33.16,NaN,NaN
2/14/2012,32.96,NaN,NaN
2/15/2012,33.31,NaN,NaN
2/16/2012,34.51,NaN,NaN
2/17/2012,35.059998,NaN,NaN
2/21/2012,35.139999,NaN,NaN
2/22/2012,34.67,NaN,NaN
2/23/2012,36.02,NaN,NaN
2/24/2012,36.359998,NaN,NaN
2/27/2012,36.559998,NaN,NaN
2/28/2012,36.619998,NaN,NaN
2/29/2012,35.739999,NaN,NaN
3/1/2012,36.37,NaN,NaN
3/2/2012,36.249999,NaN,NaN
3/5/2012,35.72,NaN,NaN
3/6/2012,35.109998,NaN,NaN
3/7/2012,35.589999,NaN,NaN
3/8/2012,35.779999,NaN,NaN
3/9/2012,36.249999,NaN,NaN
3/12/2012,36.18,NaN,NaN
3/13/2012,37.33,NaN,NaN
3/14/2012,37.619998,NaN,NaN
3/15/2012,36.83,NaN,NaN
3/16/2012,37.689999,NaN,NaN
3/19/2012,37.79,NaN,NaN
3/20/2012,37.389999,NaN,NaN
3/21/2012,37.419998,NaN,NaN
3/22/2012,37.619998,NaN,NaN
3/23/2012,37.089999,NaN,NaN
3/26/2012,38.079998,NaN,NaN
3/27/2012,37.869998,NaN,NaN
3/28/2012,37.239999,NaN,NaN
3/29/2012,36.989999,NaN,NaN
3/30/2012,36.899999,NaN,NaN
4/2/2012,36.589999,NaN,15.46
4/3/2012,36.63,NaN,15.18
4/4/2012,35.729999,NaN,15.27
4/5/2012,35.62,NaN,15.07
4/9/2012,36.299999,NaN,15.1
4/10/2012,35.47,NaN,14.99
4/11/2012,35.759998,NaN,14.88
4/12/2012,36.459998,NaN,15.06
4/13/2012,36.12,NaN,14.87
4/16/2012,35.499998,NaN,14.79
4/17/2012,36.079999,NaN,15.01
4/18/2012,35.87,NaN,15.49
4/19/2012,40.619997,NaN,15.4
4/20/2012,40.29,NaN,15.6
4/23/2012,39.649997,NaN,15.33
4/24/2012,39.299997,NaN,15.43
4/25/2012,39.859999,NaN,15.5
4/26/2012,41.049998,NaN,15.53
4/27/2012,41.229999,NaN,15.57
4/30/2012,41.019997,NaN,15.54
5/1/2012,40.749998,NaN,15.63
5/2/2012,41.16,NaN,15.67
5/3/2012,40.379998,NaN,15.4
5/4/2012,39.44,NaN,15.15
5/7/2012,40.070001,NaN,15.35
5/8/2012,40.19,NaN,15.36
5/9/2012,40.559999,NaN,15.3
5/10/2012,41.21,NaN,15.44
5/11/2012,40.74,NaN,15.19
5/14/2012,40.249997,NaN,15.5
5/15/2012,40.049997,NaN,15.4
5/16/2012,39.859999,NaN,15.28
5/17/2012,39.029998,NaN,14.87
5/18/2012,38.359999,NaN,15.42
5/21/2012,39.509999,NaN,15.58
5/22/2012,39.220001,NaN,15.29
5/23/2012,39.679998,NaN,15.38
5/24/2012,39.659999,NaN,15.35
5/25/2012,40.349997,NaN,15.36
5/29/2012,41.490001,NaN,15.47
5/30/2012,39.59,NaN,15.25
5/31/2012,39.19,NaN,15.24
6/1/2012,38.820001,NaN,14.92
6/4/2012,39.159999,NaN,15.01
6/5/2012,39.759999,NaN,15.1
6/6/2012,40.94,NaN,15.36
6/7/2012,40.899998,NaN,15.36
6/8/2012,41.049998,NaN,15.65
6/11/2012,40.929999,NaN,15.3
6/12/2012,40.909999,NaN,15.47
6/13/2012,40.169997,NaN,15.34
6/14/2012,40.129998,NaN,15.36
6/15/2012,40.669997,NaN,15.36
6/18/2012,42.490001,NaN,15.49
6/19/2012,43.499998,NaN,15.65
6/20/2012,42.949998,NaN,15.74
6/21/2012,41.829999,NaN,15.52
6/22/2012,42.799998,NaN,15.61
6/25/2012,41.81,NaN,15.44
6/26/2012,42.499998,NaN,15.35
6/27/2012,42.290001,NaN,15.52
6/28/2012,40.779999,NaN,15.45
6/29/2012,42.01,NaN,15.83
7/2/2012,41.219997,NaN,15.84
7/3/2012,41.199998,NaN,15.98
7/5/2012,40.929999,NaN,15.85
7/6/2012,40.409999,NaN,15.78
7/9/2012,40.679998,NaN,15.75
7/10/2012,39.679998,NaN,15.82
7/11/2012,39.129998,NaN,15.8
7/12/2012,39.309999,NaN,15.69
7/13/2012,39.949997,NaN,15.74
7/16/2012,38.599997,NaN,15.65
7/17/2012,39.070001,NaN,15.6
7/18/2012,40.459999,NaN,15.7
7/19/2012,43.949998,NaN,15.73
7/20/2012,44.849999,NaN,15.92
7/23/2012,44.239997,NaN,15.76
7/24/2012,43.519997,NaN,15.43
7/25/2012,43.189996,NaN,15.5
7/26/2012,43.789997,NaN,15.8
7/27/2012,45.219998,NaN,16.110001
7/30/2012,45.599999,NaN,15.98
7/31/2012,44.299999,NaN,15.84
8/1/2012,43.889997,NaN,15.99
8/2/2012,43.769998,NaN,15.75
8/3/2012,44.499999,NaN,15.97
8/6/2012,44.769998,NaN,16.040001
8/7/2012,45.610001,NaN,16.219999
8/8/2012,44.939997,NaN,16.17
8/9/2012,44.269998,NaN,16.01
8/10/2012,43.989997,NaN,15.15
8/13/2012,45.319998,NaN,15.02
8/14/2012,45.360001,NaN,14.73
8/15/2012,44.98,NaN,14.76
8/16/2012,45.789997,NaN,14.99
8/17/2012,46.869998,NaN,15.03
8/20/2012,46.399999,NaN,14.96
8/21/2012,45.849999,NaN,14.97
8/22/2012,46.999999,NaN,14.92
8/23/2012,46.809997,NaN,14.87
8/24/2012,47.099999,NaN,14.92
8/27/2012,46.98,NaN,14.85
8/28/2012,46.939997,NaN,14.72
8/29/2012,47.489998,NaN,14.84
8/30/2012,46.549999,NaN,14.67
8/31/2012,47.469999,NaN,14.65
9/4/2012,47.359997,NaN,14.89
9/5/2012,47.159997,NaN,15.09
9/6/2012,48.909997,NaN,15.11
9/7/2012,49.239998,NaN,15.22
9/10/2012,48.530001,NaN,15.11
9/11/2012,48.330001,NaN,15.16
9/12/2012,47.989998,NaN,15.4
9/13/2012,48.880001,NaN,15.6
9/14/2012,49.969999,NaN,15.77
9/17/2012,50.479997,NaN,15.68
9/18/2012,49.959997,NaN,15.91
9/19/2012,50.389998,NaN,15.86
9/20/2012,50.079997,NaN,15.79
9/21/2012,49.469999,NaN,15.74
9/24/2012,49.309997,NaN,16
9/25/2012,48.030001,NaN,15.68
9/26/2012,47.539998,NaN,15.61
9/27/2012,49.119999,NaN,16.040001
9/28/2012,48.369999,NaN,15.98
10/1/2012,48.230001,NaN,15.83
10/2/2012,48.4,NaN,15.94
10/3/2012,48.589998,NaN,16.209999
10/4/2012,49.489998,NaN,16.27
10/5/2012,48.730001,NaN,16.09
10/8/2012,47.919999,NaN,16.030001
10/9/2012,46.219998,NaN,15.85
10/10/2012,46.759997,NaN,15.83
10/11/2012,47.489998,NaN,15.92
10/12/2012,47.85,NaN,15.88
10/15/2012,47.399999,NaN,15.68
10/16/2012,48.239998,NaN,15.92
10/17/2012,48.2,NaN,16.09
10/18/2012,50.829997,NaN,16
10/19/2012,49.969999,NaN,15.84
10/22/2012,50.15,NaN,15.77
10/23/2012,49.35,NaN,16.67
10/24/2012,48.880001,NaN,16.549999
10/25/2012,48.339998,NaN,16.610001
10/26/2012,49.509997,NaN,16.790001
10/31/2012,48.259997,NaN,16.84
11/1/2012,49.219999,NaN,16.950001
11/2/2012,48.689998,NaN,17.110001
11/5/2012,49.35,NaN,17.370001
11/6/2012,49.489998,NaN,17.459999
11/7/2012,48.4,NaN,17.389999
11/8/2012,47.869999,NaN,17.24
11/9/2012,47.73,NaN,17.26
11/12/2012,47.469999,NaN,17.51
11/13/2012,47.739998,NaN,17.85
11/14/2012,46.469998,NaN,17.83
11/15/2012,46.519998,NaN,17.889999
11/16/2012,47.259997,NaN,17.860001
11/19/2012,47.919999,NaN,18.360001
11/20/2012,48.259997,NaN,18.24
11/21/2012,48.630001,NaN,18.4
11/23/2012,49.009997,NaN,18.57
11/26/2012,51.400001,NaN,18.76
11/27/2012,51.15,NaN,18.93
11/28/2012,51.47,NaN,18.91
11/29/2012,52.199996,NaN,18.870001
11/30/2012,52.82,NaN,18.77
12/3/2012,52.039999,NaN,18.549999
12/4/2012,51.989999,NaN,18.93
12/5/2012,52.02,NaN,18.889999
12/6/2012,51.989999,NaN,19.200001
12/7/2012,51.739999,NaN,19.200001
12/10/2012,51.17,NaN,19.43
12/11/2012,51.989999,NaN,19.52
12/12/2012,51.859998,NaN,19.379999
12/13/2012,51.02,NaN,19.35
12/14/2012,50.359998,NaN,19.639999
12/17/2012,51.309998,NaN,19.690001
12/18/2012,51.909998,NaN,19.620001
12/19/2012,51.339999,NaN,19.6
12/20/2012,52.139999,NaN,19.690001
12/21/2012,51.350001,NaN,19.35
12/24/2012,51.079997,NaN,19.65
12/26/2012,50.239998,NaN,19.57
12/27/2012,50.289998,NaN,19.6
12/28/2012,49.809997,NaN,19.5
12/31/2012,51,NaN,19.9
1/2/2013,NaN,12.72,20.08
1/3/2013,NaN,12.73,19.780001
1/4/2013,NaN,13.15,19.860001
1/7/2013,NaN,12.77,19.4
1/8/2013,NaN,12.49,19.66
1/9/2013,NaN,12.21,19.32
1/10/2013,NaN,12.23,18.99
1/11/2013,NaN,12.21,19.290001
1/14/2013,NaN,12.2,19.43
1/15/2013,NaN,11.98,19.52
1/16/2013,NaN,12.09,20.07
1/17/2013,NaN,12.25,20.129999
1/18/2013,NaN,12.17,20.02
1/22/2013,NaN,12.11,19.9
1/23/2013,NaN,12.13,20.110001
1/24/2013,NaN,12.19,20.440001
1/25/2013,NaN,12.41,20.370001
1/28/2013,NaN,12.61,20.309999
1/29/2013,NaN,12.34,19.700001
1/30/2013,NaN,12.32,20.120001
1/31/2013,NaN,12.26,19.629999
2/1/2013,NaN,12.37,19.76
2/4/2013,NaN,12.16,19.34
2/5/2013,NaN,12.44,19.66
2/6/2013,NaN,12.34,19.85
2/7/2013,NaN,12.29,20.32
2/8/2013,NaN,12.37,20.5
2/11/2013,NaN,12.51,20.9
2/12/2013,NaN,12.43,21.209999
2/13/2013,NaN,12.37,21.15
2/14/2013,NaN,12.73,21.18
2/15/2013,NaN,12.73,21.02
2/19/2013,NaN,12.56,21.290001
2/20/2013,NaN,12.38,20.92
2/21/2013,NaN,12.29,20.83
2/22/2013,NaN,12.52,21.219999
2/25/2013,NaN,12.3,20.73
2/26/2013,NaN,12.37,20.76
2/27/2013,NaN,12.6,21.16
2/28/2013,NaN,12.66,21.309999
3/1/2013,NaN,12.71,21.940001
3/4/2013,NaN,12.66,22.700001
3/5/2013,NaN,12.8,22.950001
3/6/2013,NaN,12.79,22.799999
3/7/2013,NaN,12.76,22.700001
3/8/2013,NaN,12.82,22.9
3/11/2013,NaN,12.7,22.6
3/12/2013,NaN,12.74,22.4
3/13/2013,NaN,12.74,22.34
3/14/2013,NaN,12.75,22.43
3/15/2013,NaN,12.64,22.07
3/18/2013,NaN,12.55,22.01
3/19/2013,NaN,12.47,22.17
3/20/2013,NaN,12.62,22.1
3/21/2013,NaN,12.42,22.860001
3/22/2013,NaN,12.48,23.26
3/25/2013,NaN,12.41,23.379999
3/26/2013,NaN,12.5,23.59
3/27/2013,NaN,12.65,23.59
3/28/2013,NaN,12.83,23.530001
4/1/2013,NaN,12.41,23.5
4/2/2013,NaN,12.28,23.780001
4/3/2013,NaN,12.13,23.379999
4/4/2013,NaN,12.25,23.52
4/5/2013,NaN,12.46,23.299999
4/8/2013,NaN,12.43,23.48
4/9/2013,NaN,12.63,23.83
4/10/2013,NaN,12.83,24.200001
4/11/2013,NaN,12.77,24.49
4/12/2013,NaN,13.09,24.690001
4/15/2013,NaN,12.82,23.98
4/16/2013,NaN,12.96,23.790001
4/17/2013,NaN,12.79,23.700001
4/18/2013,NaN,12.54,23.26
4/19/2013,NaN,12.57,23.469999
4/22/2013,NaN,12.59,23.950001
4/23/2013,NaN,12.92,24.379999
4/24/2013,NaN,13.36,24.75
4/25/2013,NaN,13.47,25.200001
4/26/2013,NaN,13.41,24.68
4/29/2013,NaN,13.57,24.43
4/30/2013,NaN,13.77,24.73
5/1/2013,NaN,13.65,24.299999
5/2/2013,NaN,13.81,24.969999
5/3/2013,NaN,13.87,25.07
5/6/2013,NaN,13.83,25.17
5/7/2013,NaN,13.65,26.07
5/8/2013,NaN,13.9,26.41
5/9/2013,NaN,13.91,26.24
5/10/2013,NaN,14.54,26.83
5/13/2013,NaN,14.24,26.389999
5/14/2013,NaN,14.45,26.639999
5/15/2013,NaN,14.7,27.34
5/16/2013,NaN,14.63,26.58
5/17/2013,NaN,14.87,26.52
5/20/2013,NaN,14.84,26.58
5/21/2013,NaN,14.92,27
5/22/2013,NaN,14.4,26.540001
5/23/2013,NaN,14.63,26.02
5/24/2013,NaN,14.54,26.33
5/28/2013,NaN,14.53,26.07
5/29/2013,NaN,14.44,25.809999
5/30/2013,NaN,14.63,26.33
5/31/2013,NaN,14.47,26.299999
6/3/2013,NaN,14.45,26.389999
6/4/2013,NaN,14.47,26.26
6/5/2013,NaN,14.16,25.75
6/6/2013,NaN,14.25,26.209999
6/7/2013,NaN,14.45,27.040001
6/10/2013,NaN,14.44,26.74
6/11/2013,NaN,14.17,26.4
6/12/2013,NaN,14.05,25.889999
6/13/2013,NaN,14.37,26.370001
6/14/2013,NaN,14.35,26.280001
6/17/2013,NaN,14.49,26.540001
6/18/2013,NaN,14.4,26.66
6/19/2013,NaN,14.84,26.24
6/20/2013,NaN,14.44,25.35
6/21/2013,NaN,14.42,25.190001
6/24/2013,NaN,14.12,24.07
6/25/2013,NaN,14.22,24.959999
6/26/2013,NaN,14.14,25.290001
6/27/2013,NaN,14.01,25.469999
6/28/2013,NaN,14.04,25.129999
7/1/2013,NaN,14.1,25.24
7/2/2013,NaN,14.09,24.99
7/3/2013,NaN,14.13,25.59
7/5/2013,NaN,14.24,25.68
7/8/2013,NaN,14.17,25.530001
7/9/2013,NaN,14.24,26.68
7/10/2013,NaN,14.43,26.559999
7/11/2013,NaN,14.63,27.040001
7/12/2013,NaN,14.64,27.23
7/15/2013,NaN,14.61,27.34
7/16/2013,NaN,14.69,26.879999
7/17/2013,NaN,14.61,29.66
7/18/2013,NaN,14.55,29.66
7/19/2013,NaN,14.24,29.110001
7/22/2013,NaN,14.23,27.860001
7/23/2013,NaN,14.21,27.360001
7/24/2013,NaN,14.21,27.84
7/25/2013,NaN,14.26,28.27
7/26/2013,NaN,14.2,28.110001
7/29/2013,NaN,14.17,27.93
7/30/2013,NaN,14.41,28.049999
7/31/2013,NaN,14.44,28.09
8/1/2013,NaN,14.64,27.959999
8/2/2013,NaN,14.76,27.65
8/5/2013,NaN,14.83,27.67
8/6/2013,NaN,14.61,27.32
8/7/2013,NaN,14.6,27.389999
8/8/2013,NaN,14.7,27.48
8/9/2013,NaN,14.49,27.68
8/12/2013,NaN,14.37,28.35
8/13/2013,NaN,14.42,28.34
8/14/2013,NaN,15.03,28.049999
8/15/2013,NaN,15.13,27.139999
8/16/2013,NaN,15.19,27.32
8/19/2013,NaN,14.95,26.91
8/20/2013,NaN,14.95,27.120001
8/21/2013,NaN,14.88,27.059999
8/22/2013,NaN,14.96,27.9
8/23/2013,NaN,14.96,27.99
8/26/2013,NaN,14.99,27.700001
8/27/2013,NaN,14.8,27
8/28/2013,NaN,14.8,27.110001
8/29/2013,NaN,14.77,27.299999
8/30/2013,NaN,14.75,27.120001
9/3/2013,NaN,14.76,27.780001
9/4/2013,NaN,14.9,28.07
9/5/2013,NaN,14.94,28.23
9/6/2013,NaN,14.88,28.17
9/9/2013,NaN,15.13,29.24
9/10/2013,NaN,15.45,29.48
9/11/2013,NaN,15.71,29.190001
9/12/2013,NaN,15.7,29.65
9/13/2013,NaN,15.8,29.26
9/16/2013,NaN,15.81,29.620001
9/17/2013,NaN,15.86,30
9/18/2013,NaN,16,30.440001
9/19/2013,NaN,15.93,31.030001
9/20/2013,NaN,15.79,30.93
9/23/2013,NaN,15.64,30.26
9/24/2013,NaN,15.7,31.27
9/25/2013,NaN,15.72,31.34
9/26/2013,NaN,15.67,32.75
9/27/2013,NaN,15.58,33.549999
9/30/2013,NaN,15.56,33.169998
10/1/2013,NaN,15.55,34.310001
10/2/2013,NaN,15.54,34.139999
10/3/2013,NaN,15.38,33.880001
10/4/2013,NaN,15.59,34.889999
10/7/2013,NaN,15.59,34.139999
10/8/2013,NaN,15.46,32.93
10/9/2013,NaN,15.22,33.009998
10/10/2013,NaN,15.39,33.869999
10/11/2013,NaN,15.26,34.150002
10/14/2013,NaN,15.49,34
10/15/2013,NaN,15.41,33.380001
10/16/2013,NaN,15.6,33.09
10/17/2013,NaN,15.63,32.740002
10/18/2013,NaN,15.81,33.43
10/21/2013,NaN,15.85,34.060001
10/22/2013,NaN,15.77,33.939999
10/23/2013,NaN,15.5,33.099998
10/24/2013,NaN,15.39,33.080002
10/25/2013,NaN,15.24,32.25
10/28/2013,NaN,15.21,32.349998
10/29/2013,NaN,15.23,33.169998
10/30/2013,NaN,15.22,32.57
10/31/2013,NaN,15.19,32.939999
11/1/2013,NaN,15.26,33.18
11/4/2013,NaN,14.82,33.189999
11/5/2013,NaN,14.8,32.970001
11/6/2013,NaN,14.9,32.880001
11/7/2013,NaN,14.55,32.110001
11/8/2013,NaN,15.56,33.119999
11/11/2013,NaN,15.69,33.82
11/12/2013,NaN,15.72,34.07
11/13/2013,NaN,16.15,35.099998
11/14/2013,NaN,16.219999,35.689999
11/15/2013,NaN,16.17,35.470001
11/18/2013,NaN,15.78,34.98
11/19/2013,NaN,15.44,34.630001
11/20/2013,NaN,15.21,35.619999
11/21/2013,NaN,15.33,36.299999
11/22/2013,NaN,15.18,36.490002
11/25/2013,NaN,15.51,36.290001
11/26/2013,NaN,15.64,36.639999
11/27/2013,NaN,15.7,36.959999
11/29/2013,NaN,15.6,36.98
12/2/2013,NaN,15.75,37.009998
12/3/2013,NaN,15.74,36.560001
12/4/2013,NaN,15.96,38.130001
12/5/2013,NaN,15.7,38.869999
12/6/2013,NaN,15.47,38.860001
12/9/2013,NaN,15.21,38.869999
12/10/2013,NaN,15.56,40.220001
12/11/2013,NaN,15.41,39.16
12/12/2013,NaN,15.11,39.349998
12/13/2013,NaN,15.02,39.73
12/16/2013,NaN,15.04,39.73
12/17/2013,NaN,15.11,39.509998
12/18/2013,NaN,15.32,40.040001
12/19/2013,NaN,15.38,40.200001
12/20/2013,NaN,15.69,40.119999
12/23/2013,NaN,15.78,40.77
12/24/2013,NaN,15.82,40.849998
12/26/2013,NaN,15.67,40.650002
12/27/2013,NaN,15.76,40.490002
12/30/2013,NaN,15.97,40.200001
12/31/2013,NaN,16.02,40.439999
1/2/2014,NaN,15.86,39.59
1/3/2014,NaN,15.67,40.119999
1/6/2014,NaN,15.88,39.93
1/7/2014,NaN,16.139999,40.919998
1/8/2014,NaN,16.360001,41.02
1/9/2014,NaN,15.75,40.919998
1/10/2014,NaN,15.73,41.23
1/13/2014,NaN,15.36,39.990002
1/14/2014,NaN,15.84,41.139999
1/15/2014,NaN,16.01,41.07
1/16/2014,NaN,16.059999,40.34
1/17/2014,NaN,15.99,40.009998
1/21/2014,NaN,16.049999,39.52
1/22/2014,NaN,16.030001,40.18
1/23/2014,NaN,15.97,39.389999
1/24/2014,NaN,15.56,37.91
1/27/2014,NaN,15.46,36.650002
1/28/2014,NaN,15.61,38.220001
1/29/2014,NaN,15.46,34.889999
1/30/2014,NaN,15.72,35.310001
1/31/2014,NaN,15.7,36.009998
2/3/2014,52.389999,15.49,34.900002
2/4/2014,52.909998,15.58,35.66
2/5/2014,53.52,15.44,35.490002
2/6/2014,54.369996,15.64,36.240002
2/7/2014,54.59,15.87,37.23
2/10/2014,53.779998,15.92,37.759998
2/11/2014,54.309999,16.25,38.5
2/12/2014,54.830002,16.83,38.110001
2/13/2014,54.919996,17.360001,38.52
2/14/2014,54.770001,17.91,38.23
2/18/2014,55.150002,17.9,38.310001
2/19/2014,54.74,18.139999,37.810001
2/20/2014,54.959999,18.780001,37.790001
2/21/2014,54.59,18.639999,37.290001
2/24/2014,56.299997,18.91,37.419998
2/25/2014,56.150002,18.74,37.259998
2/26/2014,57.34,18.709999,37.619999
2/27/2014,58.340001,18.5,38.470001
2/28/2014,58.769997,18.379999,38.669998
3/3/2014,58.31,18.290001,38.25
3/4/2014,59.06,18.48,39.630001
3/5/2014,58.86,18.639999,39.5
3/6/2014,59.299998,18.379999,39.66
3/7/2014,59.06,18.360001,38.700001
3/10/2014,58.220001,18.09,38.049999
3/11/2014,57.54,18.27,37.560001
3/12/2014,57.979999,18.32,37.5
3/13/2014,56.699997,17.74,37.23
3/14/2014,56.74,17.82,37.599998
3/17/2014,57.419997,17.82,39.110001
3/18/2014,57.84,18.24,39.450001
3/19/2014,57.299998,18.559999,38.610001
3/20/2014,57.119997,18.57,37.77
3/21/2014,56.959999,18.540001,37.939999
3/24/2014,56.54,18.450001,36.68
3/25/2014,56.329998,18.450001,35.93
3/26/2014,55.599997,18.030001,35.450001
3/27/2014,55.179998,17.790001,35.59
3/28/2014,55.189995,17.9,35.900002
3/31/2014,55.24,17.91,35.900002
4/1/2014,56.04,18.65,36.490002
4/2/2014,55.449997,18.530001,36.639999
4/3/2014,54.580002,18.73,35.759998
4/4/2014,53.999997,18.15,34.259998
4/7/2014,52.950001,18.209999,33.07
4/8/2014,54.799997,18.860001,33.830002
4/9/2014,55.89,18.84,34.869999
4/10/2014,54.080002,18.379999,33.400002
4/11/2014,53.459998,18.120001,32.869999
4/14/2014,53.979998,18.32,33.450001
4/15/2014,53.900001,18.450001,34.209999
4/16/2014,54.689995,18.49,36.349998
4/17/2014,54.970001,18.559999,36.380001
4/21/2014,54.929998,18.709999,36.400002
4/22/2014,55.470001,18.870001,36.139999
4/23/2014,54.939995,19.09,35.439999
4/24/2014,54.84,19.26,35.240002
4/25/2014,53.72,18.73,34.48
4/28/2014,53.639999,18.65,33.990002
4/29/2014,54.54,18.690001,35.830002
4/30/2014,51.830002,18.469999,35.950001
5/1/2014,51.689999,18.57,36.509998
5/2/2014,52.009998,18.43,36.869999
5/5/2014,51.999996,18.629999,36.91
5/6/2014,50.95,18.25,36.490002
5/7/2014,50.569999,18.27,34.07
5/8/2014,50.259997,18.5,33.919998
5/9/2014,50.539998,18.049999,33.759998
5/12/2014,51.330001,18.58,34.450001
5/13/2014,51.580001,18.280001,34.400002
5/14/2014,51.650001,18.1,34.169998
5/15/2014,51.359998,18,33.799999
5/16/2014,51.950001,17.959999,33.41
5/19/2014,52.330002,18.540001,33.889999
5/20/2014,51.959998,18.24,33.869999
5/21/2014,51.880002,18.24,34.360001
5/22/2014,51.500001,18.32,34.700001
5/23/2014,52.02,18.49,35.02
5/27/2014,51.77,18.82,35.119999
5/28/2014,50.389998,18.98,34.779999
5/29/2014,50.139998,18.950001,34.900002
5/30/2014,50.729997,19,34.650002
6/2/2014,50.489998,18.940001,34.869999
6/3/2014,50.419995,18.860001,34.650002
6/4/2014,50.45,18.879999,34.73
6/5/2014,50.580001,18.959999,34.939999
6/6/2014,49.7,19.030001,35.919998
6/9/2014,49.580001,19.049999,36.040001
6/10/2014,48.25,19.15,36.310001
6/11/2014,48.830001,19.4,36.630001
6/12/2014,48.560002,19.52,36.779999
6/13/2014,49.039998,19.540001,36.939999
6/16/2014,49,19.48,34.810001
6/17/2014,49.060002,19.610001,34.43
6/18/2014,49.659997,19.59,34.939999
6/19/2014,49.599995,19.139999,34.68
6/20/2014,49.339998,18.93,34.049999
6/23/2014,49.389998,18.709999,33.639999
6/24/2014,48.849995,18.42,33.48
6/25/2014,49.319999,18.610001,33.25
6/26/2014,49.469999,18.360001,33.66
6/27/2014,50.080001,18.379999,34.25
6/30/2014,50.060002,18.540001,35.130001
7/1/2014,50.5,18.75,35.349998
7/2/2014,50.549996,18.68,35.880001
7/3/2014,50.939999,18.85,36.139999
7/7/2014,50.739999,18.700001,35.52
7/8/2014,50.179997,18.549999,34.529999
7/9/2014,50.929997,19.110001,34.849998
7/10/2014,50.339998,19.01,34.93
7/11/2014,51.500001,19.049999,35.43
7/14/2014,51.159998,19.290001,35.700001
7/15/2014,50.819999,19.370001,35.610001
7/16/2014,50.7,19.35,33.790001
7/17/2014,51.029997,19.299999,33.209999
7/18/2014,51.479997,18.440001,33.330002
7/21/2014,51.700001,18.549999,33.279999
7/22/2014,52.049996,18.469999,33.599998
7/23/2014,52.659998,18.08,34.709999
7/24/2014,53.229997,18.110001,36.169998
7/25/2014,52.749996,17.790001,36.119999
7/28/2014,52.929997,17.719999,35.900002
7/29/2014,53.209998,17.780001,35.68
7/30/2014,53.229997,18.08,36.599998
7/31/2014,52.830002,17.5,35.810001
8/1/2014,52.529997,17.690001,35.619999
8/4/2014,53.059998,17.65,36.529999
8/5/2014,53.259998,17.66,35.700001
8/6/2014,53.459998,17.639999,35.790001
8/7/2014,53.559998,17.459999,35.66
8/8/2014,54.089999,19,35.91
8/11/2014,53.879998,18.9,35.790001
8/12/2014,53.429997,18.9,35.52
8/13/2014,52.939999,19.01,36.189999
8/14/2014,52.929997,18.799999,36.360001
8/15/2014,52.639999,19.040001,36.470001
8/18/2014,53.109998,19.299999,37.380001
8/19/2014,53.749997,19.370001,37.830002
8/20/2014,53.400001,19.25,37.5
8/21/2014,55.89,19.07,37.639999
8/22/2014,55.499997,19.08,38.009998
8/25/2014,55.49,19.110001,37.709999
8/26/2014,56.249997,19.450001,37.790001
8/27/2014,55.919996,19.23,38.18
8/28/2014,55.429998,19.389999,38.310001
8/29/2014,55.499997,19.450001,38.509998
9/2/2014,54.879998,19.5,39.27
9/3/2014,54.549997,19.68,38.869999
9/4/2014,54.439995,20.030001,39.189999
9/5/2014,53.900001,19.969999,39.59
9/8/2014,54.229998,19.790001,41.810001
9/9/2014,52.729997,19.540001,40.779999
9/10/2014,51.099996,19.610001,41.139999
9/11/2014,50.679997,19.41,41.259998
9/12/2014,52.189999,19.120001,42.880001
9/15/2014,50.959998,18.860001,42.549999
9/16/2014,51.609998,19.139999,42.709999
9/17/2014,51.950001,19.15,42.59
9/18/2014,52.700001,19.440001,42.09
9/19/2014,52.400001,19.08,40.93
9/22/2014,52.47,18.889999,38.650002
9/23/2014,52.739999,18.809999,39.049999
9/24/2014,52.929997,18.92,39.880001
9/25/2014,52.150001,18.51,38.950001
9/26/2014,52.929997,18.549999,40.66
9/29/2014,52.659998,18.52,40.52
9/30/2014,56.629998,18.450001,40.75
10/1/2014,55.459999,18.27,40.32
10/2/2014,54.859999,18.190001,40.5
10/3/2014,54.439995,18.23,41.029999
10/6/2014,53.549997,18.120001,41.52
10/7/2014,52.97,17.93,40.93
10/8/2014,54.509999,18.26,41.080002
10/9/2014,52.859998,17.91,41.099998
10/10/2014,51.859998,16.85,39.599998
10/13/2014,50.459998,16.790001,38.380001
10/14/2014,50.589998,17.18,37.970001
10/15/2014,50.239998,17.440001,37.82
10/16/2014,47.88,17.450001,38.119999
10/17/2014,47.95,17.42,38.450001
10/20/2014,49.2,17.57,39.279999
10/21/2014,50.859998,18.32,40.18
10/22/2014,50.130001,17.889999,42
10/23/2014,50.789999,18.290001,42.599998
10/24/2014,51.12,18.48,43.5
10/27/2014,51.189999,18.49,44.700001
10/28/2014,51.2,18.93,45.869999
10/29/2014,51.330001,18.809999,45.43
10/30/2014,51.549996,18.690001,45.630001
10/31/2014,52.499996,19.540001,46.049999
11/3/2014,52.700001,19.870001,46.34
11/4/2014,53.27,20.129999,47.080002
11/5/2014,53.589999,20.129999,47.459999
11/6/2014,53.259998,20.219999,47.93
11/7/2014,53.52,19.790001,48.549999
11/10/2014,53.889999,20.02,49.41
11/11/2014,54.189995,19.780001,49.049999
11/12/2014,54.059999,19.65,50.599998
11/13/2014,54.369996,19.549999,50.5
11/14/2014,54.359999,19.790001,51.75
11/17/2014,54.830002,19.700001,52.369999
11/18/2014,55.379998,20.17,51.75
11/19/2014,54.939995,20.01,50.580002
11/20/2014,54.54,20.34,51.25
11/21/2014,54.419996,20.450001,51.040001
11/24/2014,54.39,20.58,51.830002
11/25/2014,54.400001,20.57,51.720001
11/26/2014,54.569996,20.92,51.93
11/28/2014,54.879998,20.969999,51.740002
12/1/2014,54.869996,20.58,50.099998
12/2/2014,55.020001,20.610001,50.669998
12/3/2014,54.809999,21.139999,50.279999
12/4/2014,54.669996,20.950001,50.41
12/5/2014,54.809999,21.07,50.990002
12/8/2014,55.150002,20.799999,49.619999
12/9/2014,55.400002,20.73,50.509998
12/10/2014,55.270001,20.27,49.209999
12/11/2014,56.79,20.26,49.939999
12/12/2014,55.770001,19.629999,50.240002
12/15/2014,55.439995,19.57,49.82
12/16/2014,55.939995,19.35,48.849998
12/17/2014,56.409999,20.139999,50.119999
12/18/2014,57.529999,20.219999,50.91
12/19/2014,57.139996,20.42,50.880001
12/22/2014,57.329999,20.780001,51.150002
12/23/2014,57.229998,20.65,50.02
12/24/2014,57.099998,20.57,50.650002
12/26/2014,57.04,20.59,50.860001
12/29/2014,57.029998,20.559999,50.529999
12/30/2014,57.220001,20.370001,51.220001
12/31/2014,56.119996,20.049999,50.509998
1/2/2015,56.209999,20.129999,50.169998
1/5/2015,55.74,19.790001,49.130001
1/6/2015,55.019996,19.190001,49.209999
1/7/2015,54.929998,19.139999,48.59
1/8/2015,56.409999,19.860001,50.23
1/9/2015,55.629998,19.940001,49.720001
1/12/2015,55.199997,19.690001,48.799999
1/13/2015,55.129998,19.66,48.299999
1/14/2015,54.029998,19.74,47.509998
1/15/2015,53.02,19.6,46.23
1/16/2015,53.659998,19.959999,46.470001
1/20/2015,53.679998,20.02,47.630001
1/21/2015,53.379997,20.299999,48.18
1/22/2015,57.149998,20.65,48.889999
1/23/2015,56.759999,20.709999,48.950001
1/26/2015,56.059999,20.620001,49.439999
1/27/2015,54.69,19.629999,47.990002
1/28/2015,53.839999,19.309999,46.459999
1/29/2015,53.959999,19.780001,43.73
1/30/2015,52.999996,19.200001,43.990002
2/2/2015,53.709998,19.620001,44.689999
2/3/2015,54.249997,20.110001,44.700001
2/4/2015,53.709998,20.16,44.049999
2/5/2015,54.29,20.49,43.549999
2/6/2015,54.499997,20.4,42.939999
2/9/2015,54.329998,20.379999,42.57
2/10/2015,55.269996,20.950001,43.07
2/11/2015,55.14,20.809999,42.959999
2/12/2015,54.74,22.299999,43.93
2/13/2015,56.469996,22.309999,44.419998
2/17/2015,56.419996,22.379999,43.529999
2/18/2015,56.899998,22.120001,43.650002
2/19/2015,57.649998,22.18,44.369999
2/20/2015,58.019997,22.34,44.110001
2/23/2015,58.069997,22.16,43.529999
2/24/2015,58.399998,22.309999,43.380001
2/25/2015,58.349998,22.139999,44.43
2/26/2015,58.539996,22.200001,44.450001
2/27/2015,57.91,22.059999,44.279999
3/2/2015,58.379999,22.6,44.110001
3/3/2015,58.26,22.18,42.619999
3/4/2015,58.31,22.43,43.990002
3/5/2015,59.079999,22.860001,44.16
3/6/2015,59.869997,22.549999,43.439999
3/9/2015,60.81,22.610001,42.98
3/10/2015,59.21,23,42.68
3/11/2015,59.679999,22.879999,42.5
3/12/2015,59.41,22.67,42.950001
3/13/2015,59.069997,22.700001,42.869999
3/16/2015,59.569997,22.969999,43.509998
3/17/2015,59.489996,23.25,43.790001
3/18/2015,58.429999,22.870001,44.669998
3/19/2015,57.879999,23.219999,44.98
3/20/2015,57.929999,23.469999,45.040001
3/23/2015,58.619997,22.709999,44.720001
3/24/2015,59.51,22.4,44.419998
3/25/2015,58.06,21.040001,44.200001
3/26/2015,57.519997,20.969999,44.470001
3/27/2015,57.629999,21.379999,45.099998
3/30/2015,57.929999,21.469999,44.950001
3/31/2015,57.679999,20.93,44.439999
4/1/2015,57.129998,21.01,44.130001
4/2/2015,56.909999,21.059999,44.150002
4/6/2015,56.819997,21.67,43.669998
4/7/2015,57.079998,21.860001,43.610001
4/8/2015,57.109999,22.02,45.169998
4/9/2015,57.009999,22.530001,45.630001
4/10/2015,57.34,22.76,45.18
4/13/2015,56.94,22.549999,44.77
4/14/2015,56.949998,22.360001,45.529999
4/15/2015,57.019997,22.629999,45.73
4/16/2015,57.04,22.49,45.779999
4/17/2015,55.79,22.200001,44.450001
4/20/2015,56.069996,22.09,44.66
4/21/2015,56.419996,22.059999,44.490002
4/22/2015,56.749997,22.309999,43.98
4/23/2015,58.889996,22.219999,43.700001
4/24/2015,59.199998,22.030001,44.52
4/27/2015,59.089996,22.200001,44.360001
4/28/2015,59.479999,22.309999,44.34
4/29/2015,58.879999,22.139999,43.279999
4/30/2015,58.26,22.200001,42.57
5/1/2015,59.299998,22.75,42.509998
5/4/2015,59.11,22.610001,42.040001
5/5/2015,57.939996,22.030001,41.299999
5/6/2015,57.49,22.1,41.66
5/7/2015,57.96,22.49,43.869999
5/8/2015,58.819997,20.83,44.09
5/11/2015,58.339996,20.629999,43.599998
5/12/2015,58.299998,20.83,43.84
5/13/2015,58.81,20.950001,44.400002
5/14/2015,60.099998,21.290001,44.950001
5/15/2015,59.41,21.299999,44.75
5/18/2015,59.46,21.27,44.360001
5/19/2015,59.249998,21.040001,40.98
5/20/2015,59.149998,21.040001,42.790001
5/21/2015,59.739996,20.889999,43.68
5/22/2015,59.719997,20.860001,43.490002
5/26/2015,58.729999,20.73,42.849998
5/27/2015,59.379999,21.84,43.380001
5/28/2015,60.56,22.139999,43.07
5/29/2015,61.359996,22.129999,42.939999
6/1/2015,62.559996,22.379999,43.349998
6/2/2015,61.999999,21.940001,43.150002
6/3/2015,62.009996,21.700001,43.209999
6/4/2015,62.489997,22.09,42.880001
6/5/2015,63.23,22.26,42.810001
6/8/2015,60.849999,21.75,42.009998
6/9/2015,60.41,21.860001,41.630001
6/10/2015,60.469998,21.469999,42.060001
6/11/2015,60.449998,21.700001,40.939999
6/12/2015,60.019997,21.110001,40.529999
6/15/2015,59.999998,21.07,40.470001
6/16/2015,60.519998,21.33,40.639999
6/17/2015,60.549999,21.58,40.959999
6/18/2015,60.689997,21.940001,40.91
6/19/2015,61.169998,21.870001,40.509998
6/22/2015,61.749999,21.780001,40.73
6/23/2015,61.93,21.219999,40.650002
6/24/2015,61.609996,21.01,40.939999
6/25/2015,61.599999,21.17,41.07
6/26/2015,61.039997,20.74,40.060001
6/29/2015,59.369997,20.120001,38.91
6/30/2015,60.239997,20.110001,39.290001
7/1/2015,60.429999,20.4,39.330002
7/2/2015,61.849999,20.42,39.380001
7/6/2015,61.759996,20.17,38.610001
7/7/2015,61.98,19.790001,38.23
7/8/2015,60.989997,19.65,37.23
7/9/2015,61.769998,19.41,37.610001
7/10/2015,62.369998,19.75,37.919998
7/13/2015,63.469998,19.879999,38.759998
7/14/2015,63.589998,19.889999,38.630001
7/15/2015,63.439997,19.75,38.380001
7/16/2015,65.589998,20.190001,38.91
7/17/2015,66.289998,20.07,39.68
7/20/2015,28.57,19.700001,39.540001
7/21/2015,28.6,19.790001,39.73
7/22/2015,28.450001,19.41,39.240002
7/23/2015,28.43,19.65,39.209999
7/24/2015,28.23,19.42,38.849998
7/27/2015,28,19.309999,37.84
7/28/2015,28.33,19.73,37.720001
7/29/2015,28.75,19.969999,37.669998
7/30/2015,28.370001,20.02,37.419998
7/31/2015,28.120001,19.950001,36.669998
8/3/2015,28.33,20.290001,36.689999
8/4/2015,28.41,20.370001,37.119999
8/5/2015,28.559999,20.58,37.25
8/6/2015,28.16,20.450001,36.459999
8/7/2015,28.549999,22.98,36.669998
8/10/2015,28.66,23.780001,37.150002
8/11/2015,28.139999,23.66,36.029999
8/12/2015,28.01,23.719999,34.490002
8/13/2015,27.99,23.52,35.93
8/14/2015,28.26,23.540001,36.240002
8/17/2015,28.290001,23.389999,36.099998
8/18/2015,27.77,23.08,35.689999
8/19/2015,27.43,22.99,35.189999
8/20/2015,26.52,22.16,34.099998
8/21/2015,25.77,21.469999,32.93
8/24/2015,24.93,20.709999,31.309999
8/25/2015,25.23,20.280001,31.74
8/26/2015,26.17,21.809999,32.52
8/27/2015,27.1,22.629999,33.689999
8/28/2015,27.25,22.73,33.139999
8/31/2015,27.110001,22.48,32.240002
9/1/2015,26.48,21.559999,31.6
9/2/2015,26.870001,22.209999,31.77
9/3/2015,27.040001,22.27,32.540001
9/4/2015,26.48,21.75,31.58
9/8/2015,26.360001,22.68,30.9
9/9/2015,26.200001,22.23,31.52
9/10/2015,26.15,22.58,31.15
9/11/2015,26.32,22.65,31.43
9/14/2015,25.75,22.690001,30.32
9/15/2015,25.98,22.940001,31.040001
9/16/2015,26.74,23.1,31.4
9/17/2015,26.27,23.309999,30.93
9/18/2015,26.02,23.290001,30.74
9/21/2015,25.92,23.530001,31.17
9/22/2015,25.610001,22.889999,30.4
9/23/2015,25.59,23,29.74
9/24/2015,25.610001,23.440001,29.34
9/25/2015,25.33,23.610001,29.129999
9/28/2015,24.139999,23.299999,27.6
9/29/2015,24.08,23.709999,28.26
9/30/2015,24.440001,24.65,28.91
10/1/2015,24.91,24.17,28.91
10/2/2015,25.530001,24.799999,30.709999
10/5/2015,25.74,25.42,30.85
10/6/2015,25.68,25.75,30.959999
10/7/2015,25.68,26.02,31.870001
10/8/2015,24.15,26.17,32.369999
10/9/2015,24.299999,26.07,32.52
10/12/2015,24.559999,26.35,32.860001
10/13/2015,24.620001,26.4,32.34
10/14/2015,24,27.360001,32.09
10/15/2015,24.51,27.43,33.48
10/16/2015,24.549999,27.860001,33.369999
10/19/2015,24.559999,27.809999,33.5
10/20/2015,24.42,27.77,32.830002
10/21/2015,24.209999,27.41,31.120001
10/22/2015,27.58,28.4,31.67
10/23/2015,28.16,28.59,33.169998
10/26/2015,28.17,28.459999,33.400002
10/27/2015,28.370001,28.440001,34.299999
10/28/2015,28.25,28.67,35.189999
10/29/2015,28.18,27.68,35.049999
10/30/2015,27.9,28.370001,35.619999
11/2/2015,28.5,28.700001,35.27
11/3/2015,28.9,28.5,34.720001
11/4/2015,29.299999,28.030001,35.07
11/5/2015,29.299999,27.709999,35.119999
11/6/2015,29.4,31.549999,34.200001
11/9/2015,29.18,31.41,33.68
11/10/2015,29.139999,30.809999,33.990002
11/11/2015,28.950001,30.51,33.380001
11/12/2015,28.559999,30.4,33.23
11/13/2015,28.190001,29.799999,32.189999
11/16/2015,28.48,30.4,32.950001
11/17/2015,28.450001,30.4,32.860001
11/18/2015,28.75,31.030001,32.98
11/19/2015,28.77,31.120001,32.630001
11/20/2015,29.059999,31.389999,33.110001
11/23/2015,28.84,30.92,33.360001
11/24/2015,29,31.17,32.959999
11/25/2015,29,31.129999,33.16
11/27/2015,29.1,31.389999,32.939999
11/30/2015,29.59,31.719999,33.810001
12/1/2015,29.049999,32.75,33.709999
12/2/2015,28.969999,32.5,35.650002
12/3/2015,28.59,32.43,34.34
12/4/2015,29.35,33.75,34.91
12/7/2015,29.049999,33.110001,34.68
12/8/2015,28.790001,33.560001,34.849998
12/9/2015,28.34,32.709999,34.400002
12/10/2015,28.57,32.98,34.630001
12/11/2015,27.969999,32.490002,32.91
12/14/2015,28.040001,32.57,32.59
12/15/2015,28.309999,32.970001,33.029999
12/16/2015,28.57,33.169998,33.779999
12/17/2015,28.049999,32.669998,33.23
12/18/2015,27.459999,32.139999,32.950001
12/21/2015,27.59,32.900002,32.970001
12/22/2015,27.889999,32.93,34.189999
12/23/2015,27.780001,33.060001,34.450001
12/24/2015,27.66,33.169998,34.110001
12/28/2015,27.639999,33.139999,33.599998
12/29/2015,27.91,33.68,34.040001
12/30/2015,27.75,33.389999,33.369999
12/31/2015,27.48,32.959999,33.259998
1/4/2016,26.43,32.369999,31.4
1/5/2016,26.120001,32.889999,32.200001
1/6/2016,26.41,31.530001,32.16
1/7/2016,25.690001,30.280001,30.16
1/8/2016,25.75,29.629999,30.629999
1/11/2016,26.1,29.68,30.17
1/12/2016,26.209999,30.18,30.690001
1/13/2016,25.41,29.26,29.440001
1/14/2016,25.860001,28.67,30.32
1/15/2016,25.26,27.110001,29.139999
1/19/2016,25.77,27.33,29.74
1/20/2016,25.82,27.48,28.780001
1/21/2016,26.09,27.799999,29.309999
1/22/2016,26.43,28.450001,29.75
1/25/2016,26.139999,28.42,29.780001
1/26/2016,26.65,28.700001,29.98
1/27/2016,26.42,28.360001,29.690001
1/28/2016,23.129999,28.049999,28.75
1/29/2016,23.459999,29.290001,29.51
2/1/2016,23.940001,29.299999,29.57
2/2/2016,23.290001,28.059999,29.059999
2/3/2016,23.5,28.200001,27.68
2/4/2016,23.49,28.209999,29.15
2/5/2016,23.200001,26.43,27.969999
2/8/2016,22.48,25.219999,27.049999
2/9/2016,22.01,25.49,26.82
2/10/2016,22.32,25.43,27.1
2/11/2016,22.08,25.299999,26.76
2/12/2016,22.49,25.73,27.040001
2/16/2016,22.950001,26.99,29.280001
2/17/2016,23.219999,27.66,29.370001
2/18/2016,23.530001,30.040001,29.42
2/19/2016,23.809999,30.440001,30.040001
2/22/2016,24.24,31.52,31.17
2/23/2016,23.620001,31.6,30.67
2/24/2016,23.959999,31.82,30.950001
2/25/2016,24.18,31.889999,31.360001
2/26/2016,24.18,31.68,31.370001
2/29/2016,23.799999,31.360001,31.790001
3/1/2016,24.25,32.75,32.799999
3/2/2016,23.719999,32.939999,32.91
3/3/2016,23.940001,32.650002,32.880001
3/4/2016,24.41,32.549999,33.860001
3/7/2016,24.26,32.34,33.959999
3/8/2016,24.07,31.75,32.93
3/9/2016,23.950001,31.73,33.509998
3/10/2016,23.690001,31.68,32.82
3/11/2016,24.02,32.220001,33.810001
3/14/2016,24.280001,32.299999,33.580002
3/15/2016,23.58,32.139999,33.259998
3/16/2016,23.68,33.099998,34.009998
3/17/2016,23.76,32.82,34.279999
3/18/2016,23.77,33.810001,35.169998
3/21/2016,24.34,33.91,35.470001
3/22/2016,24.129999,33.849998,35.41
3/23/2016,24.17,34.43,34.799999
3/24/2016,24.33,34.48,34.860001
3/28/2016,24.120001,34.830002,35.23
3/29/2016,24.1,35.389999,36.32
3/30/2016,24.040001,35.759998,36.560001
3/31/2016,23.860001,35.630001,36.810001
4/1/2016,23.879999,36.150002,36.48
4/4/2016,24.030001,35.799999,37.02
4/5/2016,24.389999,35.75,36.41
4/6/2016,25.43,35.799999,36.66
4/7/2016,24.1,35.43,36.169998
4/8/2016,24.07,35.66,36.07
4/11/2016,24.059999,35.880001,36.48
4/12/2016,24.42,35.84,36.66
4/13/2016,25.08,36.740002,37.310001
4/14/2016,25.209999,36.84,37.169998
4/15/2016,25.219999,37.130001,36.509998
4/18/2016,25.309999,36.970001,36.52
4/19/2016,24.299999,36.310001,36.330002
4/20/2016,24.66,36.450001,37.84
4/21/2016,24.690001,36.41,37.669998
4/22/2016,24.4,36.27,37.48
4/25/2016,24.219999,36.450001,37.23
4/26/2016,24.49,36.48,37.110001
4/27/2016,25.27,37.310001,36.950001
4/28/2016,24.620001,36.200001,36.59
4/29/2016,24.43,35.529999,36.599998
5/2/2016,24.26,36,36.529999
5/3/2016,23.98,35.57,36.009998
5/4/2016,23.799999,34.759998,36
5/5/2016,23.809999,34.970001,36.939999
5/6/2016,23.82,35.330002,37.23
5/9/2016,24.02,35.279999,37.18
5/10/2016,24.16,35.959999,37.439999
5/11/2016,23.74,36.060001,37.369999
5/12/2016,23.58,35.57,37.029999
5/13/2016,23.780001,40.98,36.48
5/16/2016,23.799999,42.189999,37.48
5/17/2016,23.27,42.279999,37.27
5/18/2016,23.690001,43.360001,37.240002
5/19/2016,23.42,43.549999,37.02
5/20/2016,23.65,44.330002,36.5
5/23/2016,23.459999,44.400002,36.66
5/24/2016,24.049999,45.360001,37.529999
5/25/2016,24.040001,45.169998,35.59
5/26/2016,24.120001,45.650002,36.759998
5/27/2016,24.360001,45.900002,37.82
5/31/2016,24.459999,46.720001,37.939999
6/1/2016,24.07,46.810001,36.650002
6/2/2016,24.25,47.139999,37.150002
6/3/2016,23.98,46.48,36.599998
6/6/2016,23.99,46.240002,37.07
6/7/2016,24.280001,46.330002,36.73
6/8/2016,24.23,46.18,36.970001
6/9/2016,24.33,47.380001,37.349998
6/10/2016,24.07,46.200001,36.830002
6/13/2016,23.889999,46.790001,36.470001
6/14/2016,23.879999,46.880001,37.400002
6/15/2016,23.959999,47.360001,37.32
6/16/2016,23.85,47.549999,37.389999
6/17/2016,23.790001,46.720001,36.939999
6/20/2016,24.57,47.560001,37.290001
6/21/2016,24.700001,47.27,37.400002
6/22/2016,24.34,47.23,37.360001
6/23/2016,24.85,48.490002,37.779999
6/24/2016,23.129999,45.73,36.240002
6/27/2016,22.719999,45.240002,35.220001
6/28/2016,22.99,45.900002,36.040001
6/29/2016,23.309999,46.650002,36.860001
6/30/2016,23.41,47.009998,37.560001
7/1/2016,23.780001,46.66,37.990002
7/5/2016,23.76,47.349998,37.5
7/6/2016,23.83,47.650002,37.509998
7/7/2016,23.93,48.889999,37.52
7/8/2016,24.610001,50.849998,37.740002
7/11/2016,24.860001,52.02,37.959999
7/12/2016,25.129999,52.799999,37.889999
7/13/2016,25.120001,52.779999,37.639999
7/14/2016,26.08,53.32,37.959999
7/15/2016,26.34,52.700001,37.720001
7/18/2016,26.49,52.970001,37.950001
7/19/2016,26.5,53.52,38.169998
7/20/2016,26.99,54.220001,38.900002
7/21/2016,29.93,53.220001,38.849998
7/22/2016,30.49,54.669998,39.380001
7/25/2016,30.68,55.68,38.32
7/26/2016,31.4,56.630001,38.759998
7/27/2016,31.309999,56.060001,38.66
7/28/2016,31.17,56.18,38.52
7/29/2016,31.16,57.099998,38.189999
8/1/2016,31.25,56.73,38.799999
8/2/2016,30.790001,56.040001,38.57
8/3/2016,30.950001,56.189999,38.389999
8/4/2016,31.059999,57.23,38.919998
8/5/2016,31.389999,58.200001,38.990002
8/8/2016,31.15,58.740002,39.240002
8/9/2016,31.110001,58.889999,39.240002
8/10/2016,31.120001,58.509998,39.93
8/11/2016,31.200001,59.700001,41.27
8/12/2016,30.889999,63.040001,42.939999
8/15/2016,31.049999,62.98,42.669998
8/16/2016,30.83,62.599998,42.490002
8/17/2016,30.610001,61.150002,42.700001
8/18/2016,30.52,62.099998,42.900002
8/19/2016,30.629999,62.259998,43.02
8/22/2016,30.620001,62.52,42.52
8/23/2016,30.67,62.91,42.599998
8/24/2016,31.25,61.939999,41.91
8/25/2016,31.34,61.529999,42.029999
8/26/2016,31.309999,62.029999,42.27
8/29/2016,31.4,61.990002,42.259998
8/30/2016,31.77,61.630001,42.580002
8/31/2016,32.16,61.34,42.75
9/1/2016,32.130001,63.150002,42.93
9/2/2016,32.279999,62.529999,43.279999
9/6/2016,32.41,63.119999,44.709999
9/7/2016,32.509998,62.189999,44.349998
9/8/2016,32.700001,62.639999,44.360001
9/9/2016,31.889999,59.52,42.919998
9/12/2016,32.490002,60.75,43.459999
9/13/2016,31.91,59.869999,43.040001
9/14/2016,31.799999,60.400002,43.459999
9/15/2016,31.98,62.689999,43.990002
9/16/2016,31.77,62.84,43.669998
9/19/2016,31.57,63.669998,43.189999
9/20/2016,31.360001,63.09,42.790001
9/21/2016,31.969999,64.860001,44.139999
9/22/2016,32.279999,65.019997,44.150002
9/23/2016,32.07,64.949997,42.799999
9/26/2016,31.67,64.339996,42.290001
9/27/2016,31.940001,66.540001,43.369999
9/28/2016,31.85,66.779999,43.689999
9/29/2016,32.299999,67.400002,42.57
9/30/2016,32.900002,68.519997,43.099998
10/3/2016,32.549999,68.449997,43.130001
10/4/2016,32.560001,68.300003,43.18
10/5/2016,32.150002,68.230003,43.709999
10/6/2016,32.130001,67.339996,43.68
10/7/2016,31.620001,66.849998,43.220001
10/10/2016,31.950001,67.099998,43.919998
10/11/2016,31.459999,66.129997,42.68
10/12/2016,31.5,66.43,42.360001
10/13/2016,31.51,65.349998,41.619999
10/14/2016,31.889999,65.989998,41.439999
10/17/2016,31.809999,65.610001,41.790001
10/18/2016,31.639999,66.610001,41.68
10/19/2016,32.52,66.470001,42.73
10/20/2016,29.02,67.730003,42.380001
10/21/2016,29.059999,67.540001,42.169998
10/24/2016,29.219999,70.709999,42.59
10/25/2016,29.049999,71.870003,42.549999
10/26/2016,28.82,72.160004,42.080002
10/27/2016,28.809999,70.68,41.869999
10/28/2016,28.6,70.559998,41.779999
10/31/2016,28.51,71.160004,41.549999
11/1/2016,28.379999,69.050003,41.330002
11/2/2016,28.26,68.760002,40.68
11/3/2016,28.059999,67.959999,40.23
11/4/2016,27.950001,67.57,40.279999
11/7/2016,28.24,71.269997,41.049999
11/8/2016,28.030001,71.160004,41.16
11/9/2016,28.290001,69.959999,41.209999
11/10/2016,28.16,67.769997,40.16
11/11/2016,28.639999,87.970001,40.419998
11/14/2016,27.889999,83.639999,39.299999
11/15/2016,28.49,86.190002,40.209999
11/16/2016,28.33,91.629997,40.98
11/17/2016,28.870001,92.389999,41.450001
11/18/2016,28.690001,93.360001,41.189999
11/21/2016,29,92.980003,41.110001
11/22/2016,29.059999,93.650002,41.009998
11/23/2016,28.9,93.970001,40.959999
11/25/2016,28.950001,94.160004,40.869999
11/28/2016,28.57,94.110001,41.450001
11/29/2016,28.51,93.25,41.599998
11/30/2016,27.809999,92.199997,41.02
12/1/2016,27.389999,87.639999,39.630001
12/2/2016,28.42,88.449997,40.07
12/5/2016,28.35,91.879997,40.200001
12/6/2016,28.209999,93.389999,39.970001
12/7/2016,28.91,95.07,40.52
12/8/2016,29.42,93.480003,41.41
12/9/2016,29.969999,91.82,41.759998
12/12/2016,30.209999,89.589996,41.299999
12/13/2016,29.82,91.169998,41.470001
12/14/2016,29.82,96.449997,40.91
12/15/2016,29.73,98.709999,38.41
12/16/2016,29.610001,100.410004,38.610001
12/19/2016,29.379999,101.629997,38.419998
12/20/2016,29.26,105.169998,39.16
12/21/2016,29.360001,105.830002,39.150002
12/22/2016,29.540001,107.110001,38.5
12/23/2016,29.790001,109.779999,38.66
12/27/2016,30.24,117.32,38.919998
12/28/2016,30.01,109.25,38.73
12/29/2016,29.98,111.43,38.639999
12/30/2016,29.690001,106.739998,38.669998
