id,budget,revenue
19995,237000000,2787965000
285,300000000,961000000
206647,245000000,880674600
49026,250000000,1084939000
49529,260000000,284139100
559,258000000,890871600
38757,260000000,591794900
99861,280000000,1405404000
767,250000000,933959200
209112,250000000,873260200
1452,270000000,391081200
10764,200000000,586090700
58,200000000,1065660000
57201,255000000,89289910
49521,225000000,662845500
2454,225000000,419651400
24428,220000000,1519558000
1865,380000000,1045714000
41154,225000000,624026800
122917,250000000,956019800
1930,215000000,752215900
20662,200000000,310669500
57158,250000000,958400000
2268,180000000,372234900
254,207000000,550000000
597,200000000,1845034000
271110,250000000,1153304000
44833,209000000,303025500
135397,150000000,1513529000
37724,200000000,1108561000
558,200000000,783766300
68721,200000000,1215440000
12155,200000000,1025491000
36668,210000000,459359600
62211,200000000,743559600
8373,150000000,836297200
91314,210000000,1091405000
68728,200000000,491868500
102382,200000000,705717400
20526,170000000,400062800
49013,200000000,559852400
44912,200000000,219851200
10193,200000000,1066970000
534,200000000,371353000
168259,190000000,1506249000
72190,200000000,531865000
127585,250000000,747862800
54138,190000000,467365200
81005,195000000,197687600
64682,105000000,351040400
9543,150000000,335154600
68726,180000000,407602900
38356,195000000,1123747000
217,185000000,786636000
105864,175000000,331926100
62177,185000000,538983200
188927,185000000,343471800
10681,180000000,521311900
5174,140000000,258022200
14161,200000000,769653600
17979,200000000,325233900
76757,176000003,183987700
258489,180000000,356743100
411,180000000,748807000
246655,178000000,543934800
155,185000000,1004558000
14160,175000000,735099100
15512,175000000,381509900
1726,140000000,585174200
44826,170000000,185770200
8487,170000000,222104700
1735,145000000,401128600
297761,175000000,745000000
2698,175000000,173000000
137113,178000000,370541300
9804,175000000,264218200
14869,175000000,302469000
150540,175000000,857611200
278927,175000000,966550600
10138,200000000,623933300
58595,170000000,396600000
102651,180000000,758539800
119450,170000000,710644600
64686,175000000,150962500
100402,170000000,714766600
10192,165000000,752600900
158852,190000000,209154300
177572,165000000,652105400
82690,165000000,471222900
5255,165000000,305875700
47933,165000000,389681900
10191,165000000,494878800
296,200000000,435000000
118340,170000000,773328600
157336,165000000,675120000
27205,160000000,825532800
315011,15000000,77000000
49051,250000000,1021104000
9799,38000000,207283900
4922,150000000,333932100
49538,160000000,353624100
131634,160000000,653428300
27022,150000000,215283700
503,160000000,181674800
241259,170000000,299370100
810,160000000,798958200
68735,160000000,433677200
87101,155000000,440603500
10140,155000000,415686200
676,140000000,449220900
1858,150000000,709709800
1966,155000000,167298200
675,150000000,938212700
674,150000000,895921000
8960,150000000,624029400
6479,150000000,585349000
118,150000000,474968800
2062,150000000,623722800
272,150000000,374218700
10527,150000000,603900400
18360,150000000,413106200
2080,150000000,373062900
605,150000000,424988200
109445,150000000,1274219000
604,150000000,738599700
76338,170000000,644571400
76341,150000000,378858300
13448,150000000,356613400
10195,150000000,449326600
13053,150000000,309980000
19585,150000000,292817800
57165,150000000,301000000
62213,150000000,245527100
177677,150000000,682330100
5559,150000000,287594600
49444,150000000,665692300
10196,150000000,318502900
956,150000000,397850000
117251,150000000,205366700
50321,150000000,38992760
11619,149000000,64459320
266647,150000000,128388300
82703,145000000,272912400
652,175000000,497409900
80321,145000000,746921300
36669,140000000,431971100
43074,144000000,229147500
95,140000000,553799600
608,140000000,441818800
2310,70000000,195735900
140300,145000000,521170800
56292,145000000,694713400
81188,145000000,306941700
7552,100000000,202026100
616,140000000,456759000
147441,140000000,268031800
13475,150000000,385680400
557,139000000,821708600
82702,145000000,609123000
205584,140000000,150680900
10048,135000000,76932940
13183,130000000,185259000
944,140000000,285444600
1927,137000000,245360500
72559,130000000,371876300
7364,130000000,119269500
2114,137000000,85131830
1771,140000000,370569800
36643,135000000,361832400
8619,150000000,212011100
50620,120000000,829000000
65759,130000000,150406500
1724,150000000,163712100
267935,140000000,183345600
281957,135000000,532950500
77950,135000000,282570700
44896,135000000,245724600
270946,132000000,373552100
2503,70000000,442824100
9502,130000000,631744600
102899,130000000,519312000
101299,130000000,847423500
228161,135000000,368871000
74,132000000,591739400
8961,130000000,273339600
417859,130000000,554987500
27576,110000000,293329100
86834,125000000,362637500
17578,130000000,371940100
673,130000000,789804600
6972,130000000,49554000
82700,130000000,243843100
10567,127500000,354248100
181533,127000000,349424300
38055,130000000,321887200
671,125000000,976475600
49524,130000000,61648500
22,140000000,655011200
131631,125000000,752100200
591,125000000,767820500
172385,103000000,500188400
36658,110000000,407711500
51497,125000000,626137700
58574,125000000,334615000
18823,125000000,232713100
861,65000000,261317900
1911,160000000,61698900
49040,130000000,276572900
415,125000000,238207100
8871,123000000,345141400
435,125000000,544272400
955,125000000,546388100
2133,120000000,325756600
1979,130000000,289047800
87827,120000000,609016600
1250,110000000,228738400
324668,120000000,415484900
9471,120000000,259175800
70981,130000000,403170100
10996,120000000,169956800
68724,115000000,286140700
2789,105000000,115772700
97020,120000000,242689000
7459,120000000,93945770
42888,120000000,48668910
37834,117000000,261930400
75612,120000000,286168600
1895,113000000,850000000
1894,120000000,649398300
585,115000000,562816300
76170,120000000,415440700
1893,115000000,924317600
49519,135000000,585178900
2395,97250400,132900000
12100,115000000,77628260
290595,115000000,164602200
98566,125000000,477200000
49047,105000000,716392700
9619,116000000,178127800
308531,135000000,245623800
166424,120000000,167977600
1593,110000000,574480800
254128,110000000,470490800
714,110000000,333011100
2024,110000000,215294300
163,110000000,362744300
787,110000000,478207500
262500,110000000,295238200
2567,116000000,102000000
38745,112000000,237382700
40805,120000000,227817200
53182,110000000,337580100
41513,110000000,563749300
13700,110000000,103951500
262504,110000000,179246900
39254,110000000,299268500
77931,105000000,347434200
1639,160000000,164508100
80274,110000000,125537200
1571,110000000,383531500
120,93000000,871368400
10204,110000000,72178900
8489,107000000,87713820
2048,120000000,347234900
1495,130000000,211643200
10137,133000000,300135400
10198,105000000,267045800
286217,108000000,630161900
1635,126000000,162949200
24113,90000000,10372290
9679,90000000,237202300
98,103000000,457640400
180,102000000,358372900
672,100000000,876688500
36557,150000000,599046000
869,100000000,362211700
280,100000000,520000000
11322,80000000,214104600
4982,100000000,266465000
36955,115000000,378882400
18487,100000000,150166100
39451,100000000,310650600
27581,100000000,170432900
9268,100000000,242295600
68718,100000000,425368200
10545,100000000,100138900
11688,100000000,169327700
76163,100000000,312573400
2059,100000000,347451900
2486,100000000,249288100
16523,100000000,100086800
116711,100000000,268426600
37710,100000000,278731400
9946,100000000,211989000
1372,100000000,170877900
106646,100000000,392000700
414,100000000,336529100
563,105000000,121214400
83542,102000000,130482900
41216,80000000,140073400
314,100000000,82102380
184315,100000000,243400000
9016,140000000,109578100
18162,100000000,68688830
138103,90000000,206172500
257088,105000000,133718700
205775,100000000,93820760
11692,100000000,7103973
22972,100000000,94882890
227973,99000000,246233100
29193,10000000,13835130
1734,98000000,433013300
3131,100000000,193772500
76758,94000000,95311430
9408,85000000,149044500
9890,90000000,102000000
855,92000000,172989700
18,90000000,263920200
37786,100000000,288347700
10501,95000000,76432730
57800,95000000,877244800
150689,95000000,543514400
7980,65000000,93525590
12,94000000,940335500
122,94000000,1118889000
121,79000000,926287400
68737,95000000,114178600
1995,115000000,274703300
157353,100000000,103039300
331,93000000,368780800
61791,93000000,482860200
8204,90000000,162839700
47964,92000000,304654200
10733,145000000,25819960
9806,92000000,631442100
1408,98000000,10017320
32657,95000000,226497200
607,90000000,589390500
863,90000000,497366900
44048,100000000,167805500
5175,90000000,347325800
2655,100000000,155464400
22794,100000000,242988500
8355,90000000,886686800
116745,90000000,188133300
4327,92000000,264105500
1422,90000000,289847400
10674,90000000,304320300
7446,92000000,188072600
65754,90000000,232617400
1572,90000000,366101700
10528,90000000,524028700
271969,100000000,94061310
10865,120000000,186053700
2253,75000000,200276000
10661,90000000,201596300
257344,88000000,243637100
644,100000000,235926600
10756,90000000,182290300
686,90000000,171120300
9383,95000000,190213500
179,80000000,162944900
76285,90000000,174578800
1996,95000000,156505400
291805,90000000,334901300
10003,68000000,118063300
1535,92000000,143049600
2067,90000000,60874620
46195,90000000,484635800
2277,100000000,93700000
4477,90000000,140807500
8665,100000000,35168970
9387,20000000,79114080
921,88000000,108539900
49852,90000000,16178960
4464,87000000,148336400
664,92000000,494471500
8358,90000000,429632100
9836,100000000,384335600
2502,75000000,288500200
9772,85000000,315156400
161,85000000,450717200
52451,75000000,132274500
76492,85000000,358375600
4523,85000000,340487700
59961,85000000,208076200
10481,85000000,183611800
59108,75000000,152930600
1581,85000000,194168700
9798,90000000,250649800
22897,85000000,219103700
298,85000000,311312600
7484,85000000,197309000
157350,85000000,288747900
853,68000000,96976270
10159,85000000,80916490
9593,85000000,137298500
1904,85000000,162243000
9615,85000000,158468300
297,90000000,142940100
9884,85000000,78382430
62764,85000000,183018500
22538,60000000,47664560
9341,60000000,74208270
12107,84000000,123307900
9637,84000000,275650700
49049,50000000,41037740
9339,82500000,237681300
16281,8000000,21028760
39691,85000000,112483800
8247,85000000,222231200
11253,85000000,160388100
1949,65000000,84785910
8452,82000000,96085480
310,80000000,484572800
27578,80000000,274470400
954,80000000,457696400
70160,75000000,691210700
45243,80000000,254456000
364,80000000,280000000
7518,80000000,343397200
11544,80000000,145771500
9986,85000000,144000000
8656,75000000,140464700
9291,82000000,190320600
55301,75000000,342695400
109418,80000000,246984300
11665,80000000,230685500
6964,80000000,266728700
11324,80000000,294804200
12193,80000000,163733700
9928,75000000,260697000
754,80000000,245676100
10202,80000000,212874400
4147,80000000,181001500
50546,80000000,214918400
1701,75000000,224012200
13027,80000000,178066600
2289,79000000,173013500
20504,80000000,157107800
9574,80000000,177977200
11618,80000000,91188900
2300,80000000,250200000
10200,80000000,233093900
8834,75000000,136982800
228150,68000000,211817900
6068,70000000,164000000
41515,80000000,201584100
9023,80000000,122563500
38317,80000000,169852800
2157,80000000,136159400
14462,80000000,96105960
159824,80000000,473227000
49948,80000000,90874570
2135,80000000,123729200
9705,102000000,147080400
1656,75000000,142400100
12159,85000000,71485040
4442,88000000,105316300
75,70000000,101371000
19959,80000000,122444800
11973,80000000,34566750
11228,80000000,159212500
77951,80000000,126546500
5491,44000000,21400000
10715,80000000,68514840
10197,80000000,53825520
9562,80000000,19480740
9922,80000000,17626230
9447,90000000,69131860
274854,90000000,146936900
8870,80000000,33463970
9992,86000000,107944200
10077,80000000,5989640
76649,130000000,117831600
453,60000000,313542300
8587,45000000,788241800
72545,79000000,355692800
109451,78000000,248384600
9533,78000000,209196300
2023,100000000,108103400
71880,79000000,149673800
584,76000000,236350700
309809,64000000,97571250
4858,80000000,15071510
17711,76000000,35134820
328111,75000000,875958300
8698,78000000,179265200
93456,76000000,970761900
602,75000000,816969300
330,73000000,229074500
953,75000000,532680700
9693,76000000,69959750
36657,75000000,296339500
8909,75000000,258270000
9802,75000000,335062600
950,80000000,660940800
1824,75000000,196482900
2976,50000000,90450010
11026,80000000,78000590
75656,75000000,117698900
38365,80000000,271430200
594,60000000,219417300
15189,35000000,73034460
11678,75000000,215663900
6538,75000000,119000400
10555,75000000,367275000
1125,70000000,154937700
4551,53000000,95226120
612,70000000,130358900
9567,70000000,85632460
37821,75000000,98159960
203801,75000000,108145100
2539,80000000,55041370
9297,75000000,140175000
3172,75000000,67631900
6520,55000000,127600400
37958,75000000,226904000
2026,52000000,77944720
7450,75000000,36754630
11375,75000000,51142660
9425,75000000,14567880
23685,75000000,5409517
11866,45000000,21009180
9741,75000000,248118100
211672,74000000,1156731000
23629,82000000,89792500
8688,73000000,103891400
10153,75000000,13100000
153518,73000000,349779500
8676,70000000,111231000
20829,75000000,61458980
4349,70000000,86658560
9718,72500000,162966200
10808,70000000,176104300
197,72000000,210000000
25,72000000,96890000
35,75000000,527068900
11086,72000000,37317560
10477,94000000,54744740
1997,74500000,62172050
6947,60000000,256697500
3050,71000000,294456600
2675,72000000,408247900
809,150000000,919838800
920,120000000,461983100
4806,70000000,309457500
7451,70000000,277448400
228165,74000000,311594000
3595,80000000,309492700
16869,70000000,319131000
879,70000000,300854800
1573,70000000,240031100
9257,80000000,116643300
1903,68000000,203388300
9697,75000000,42285170
395,70000000,171183900
23398,75000000,443140000
10590,75000000,114660800
117263,70000000,161025600
200,70000000,118000000
44943,70000000,202466800
587,70000000,122919100
57212,66000000,177584900
152760,70000000,154984000
2756,70000000,90000100
33909,70000000,134748000
49017,70000000,215529200
9882,70000000,116672900
2270,70000000,135560000
978,70000000,131457700
44564,70000000,67112660
3132,70000000,65977300
8814,60000000,55987320
8427,70000000,33561140
52520,70000000,160112700
80585,75000000,59418610
10592,70000000,32287040
49021,66000000,57777110
10550,70000000,19924030
11258,70000000,19870570
12610,75000000,13596910
59981,70000000,18662030
201088,70000000,17752940
5137,70000000,57958700
3093,70000000,38629480
107846,50000000,122915100
188207,70000000,61279450
4614,68000000,193000000
24021,68000000,698491300
11371,68000000,71069880
20352,69000000,543514000
11517,60000000,35431110
214756,68000000,217022600
26428,70000000,39041500
9824,68000000,29762010
48988,36000000,83160730
9008,90000000,60289910
300673,80000000,52099090
12113,70000000,113280100
38778,69000000,86387860
72331,69000000,112265100
1844,66000000,212404400
846,66000000,189198300
9703,67000000,25303040
857,70000000,481840900
136797,66000000,203277600
3981,70000000,374111700
425,59000000,383257100
6171,68000000,75715440
72976,65000000,275293400
603,63000000,463517400
568,52000000,355237900
9021,65000000,172855100
82695,61000000,441809800
9489,65000000,250821500
12133,65000000,128107600
9342,95000000,250288500
41733,65000000,211780800
227306,65000000,163442900
5551,65000000,128884100
9350,70000000,255000200
9208,50000000,150270100
4244,65000000,69700000
1852,63000000,162945900
76493,65000000,179379500
345,65000000,162091200
196867,65000000,133821800
256591,50100000,153963000
59962,65000000,156974600
36648,65000000,128905400
1880,4200000,38376500
71679,65000000,240159300
10483,45000000,73762520
11412,65000000,89456760
6795,65000000,64321500
550,63000000,100853800
11170,65000000,43545360
9292,65000000,17218080
100241,65000000,71154590
257,50000000,42093710
9947,43000000,56681570
189,65000000,39407620
12618,64000000,74608570
253412,55000000,203427600
1427,50000000,132180300
818,63000000,296655400
16577,65000000,44091070
329,63000000,920100000
12160,63000000,25052000
9331,62000000,215887700
300168,65000000,121545700
9072,64000000,101595100
3536,62000000,127666400
9087,62000000,107879500
12177,62000000,41819060
12138,62000000,18720180
273248,44000000,155760100
50359,63000000,183953700
1271,65000000,422610400
693,80000000,516642900
14306,60000000,244082400
497,60000000,284600000
9982,150000000,314432700
210577,61000000,369330400
2501,60000000,214034200
710,58000000,352194000
2275,60000000,149705900
37165,60000000,264118200
9837,70000000,218613200
10708,60000000,164433900
136400,61000000,131940400
10992,60000000,93375150
9654,60000000,176070200
2642,60000000,93354920
8916,60000000,171757900
19899,70000000,171844800
2119,60000000,157920700
9641,60000000,129181800
294254,61000000,311256900
38167,60000000,204594000
39514,58000000,71664960
9563,55000000,100230800
547,60000000,186883600
1538,65000000,217764300
9334,60000000,165333200
11128,60000000,74541710
75780,60000000,218340600
8914,60000000,73648230
39538,60000000,137551600
14836,60000000,124596400
8645,60000000,163403800
9509,70000000,130293700
10067,50000000,61112920
9384,60000000,170268800
9279,60000000,129832400
1487,66000000,99318990
9422,70000000,56702900
77174,60000000,107139400
4824,60000000,159330300
9620,60000000,96269810
10199,60000000,50877140
3512,60000000,104324100
137094,60000000,50549110
274479,60000000,101134100
267860,60000000,205754400
8078,70000000,162000000
7485,61000000,95697000
170687,60000000,108255800
6435,75000000,46683380
137106,60000000,469160700
6278,60000000,43061980
82682,60000000,105200900
17610,60000000,62357900
22954,60000000,122234000
16995,60000000,87784190
16558,78146652,60000000
9849,65000000,36850100
5820,60000000,77920350
16866,70000000,104945800
201,60000000,67312830
11775,60000000,119940800
12201,80000000,74901340
11015,60000000,33956610
9932,60000000,55003140
13389,60000000,73174570
17332,60000000,31720160
4958,80000000,39459430
786,60000000,47383690
11679,60000000,71073930
38321,60000000,78309130
14411,60000000,26288320
8413,60000000,26673240
10052,60000000,52322400
9676,50000000,49111200
9664,60000000,17800000
2100,72000000,27642710
10384,90000000,14828080
137321,60000000,30800230
123553,60000000,90565420
11260,60000000,50650080
9009,30000000,25473090
2309,60000000,57490370
8285,60000000,39031340
210860,60000000,30418560
381902,68490000,193677200
13922,80000000,10166500
293660,58000000,783113000
190859,58800000,542307400
257445,58000000,158162800
9007,58000000,102854400
889,83000000,59468280
1370,63000000,189015600
4942,58000000,41299490
24438,58000000,85280250
116741,58000000,44000000
35791,60000000,300228100
72431,58000000,50365380
1813,57000000,152944700
87428,70000000,58058370
8840,57000000,115267400
10589,60000000,61347800
71676,57000000,149217400
1722,57000000,62112900
10022,56000000,113006900
11358,56000000,57223890
13,55000000,677945400
6477,60000000,361366600
1597,55000000,330444000
10530,55000000,346079800
1924,55000000,300218000
9327,54000000,128769300
8488,70000000,368100400
8273,55000000,231449200
109424,55000000,95000000
35056,55000000,152263900
8839,50000000,287928200
156022,55000000,192330700
7303,55000000,154906700
8963,53000000,157387200
1402,55000000,307077300
9315,55000000,223387300
8984,55000000,214015100
795,55000000,198685100
24,30000000,180949000
393,30000000,152159500
9618,55000000,63408610
9374,55000000,149022600
8584,55000000,56932300
2320,55000000,121969200
58224,55000000,187361800
1729,55000000,127906600
175574,55000000,110000000
8077,50000000,159773500
8818,55000000,141047200
8195,55000000,41610880
10586,50000000,75000000
116149,55000000,259207200
80035,68000000,68267860
10632,55000000,34234010
1792,55000000,33828320
72197,60000000,118338400
3580,55000000,113020300
12123,50000000,60209330
9566,55000000,18626420
9833,70000000,154648900
4517,55000000,74237560
8202,62000000,52304000
16072,56000000,12923940
34314,55000000,11466090
145220,50000000,80383290
14623,57000000,28283640
42297,55000000,89519770
802,2000000,9250000
10375,55000000,6416302
36586,54000000,155010000
11321,55000000,168167700
70074,55000000,9489829
242,54000000,136766100
9621,57000000,52034890
1819,54000000,130431400
8536,54000000,190458700
8046,54000000,7266209
1717,55000000,9450897
479,46000000,107196500
9444,53000000,139804300
824,52500000,179213400
11456,75000000,54249290
261023,53000000,98837870
3683,90000000,65900250
22803,53000000,126690700
285923,67000000,25037900
640,52000000,352114300
97630,40000000,132820700
9767,52000000,204999700
11631,52000000,609841600
32856,52000000,216485700
6519,50000000,110803700
8741,52000000,98126560
49520,52000000,75450440
1850,82000000,47434430
524,52000000,116112400
26389,52000000,52826590
2123,51000000,149271000
9907,51000000,72779000
18239,50000000,709827500
808,60000000,484409200
38050,50200000,127869400
8367,48000000,390493900
9390,50000000,273552600
72105,50000000,549368300
2898,50000000,314178000
10312,50000000,202292900
109443,50000000,173649000
2022,50000000,171269500
37686,50000000,260096000
462,52000000,256271300
9919,50000000,177371400
187017,50000000,188441600
628,60000000,223664600
10201,70000000,225991000
302699,50000000,216972500
274167,50000000,242786100
224141,50000000,212902400
388,45000000,184376300
2112,90000000,161626100
10329,50000000,152022100
74465,50000000,120081800
13811,50000000,155446400
6877,50000000,88715190
10320,50000000,161451500
50646,50000000,142851200
8920,50000000,200804500
60308,50000000,110206200
6950,50000000,189859600
225574,50000000,222809600
13836,50000000,106304000
752,54000000,132511000
6038,50000000,88323490
9975,50000000,69834820
11451,50000000,66002000
12103,50000000,100020100
60304,50000000,224803500
2251,50000000,119137800
46529,50000000,144492800
231,50000000,94000000
300671,50000000,69411370
228326,50000000,97437110
9754,45000000,82800000
66,50000000,50068310
4421,50000000,48169160
2649,50000000,109423600
588,50000000,97607450
71552,50000000,234989600
9631,50000000,44547680
216282,50000000,160602200
306,50000000,119209000
928,50000000,41482210
205587,50000000,83719390
1577,45000000,129394800
9801,50000000,40203020
2116,50000000,55495560
9624,50000000,49000000
14199,50000000,69425970
1907,40000000,144056900
4599,50000000,49718610
22832,40000000,60462350
9879,50000000,113309700
38579,50000000,83761840
44603,50000000,105197600
11892,50000000,56714150
9691,50000000,30303070
1248,50000000,82169880
12220,50000000,58900030
72710,44000000,63327200
10782,50000000,42792560
9573,50000000,26199520
4959,50000000,60161390
10061,50000000,42277360
10386,70000000,23159300
421,50000000,34808400
316152,50000000,25035950
11615,50000000,38955600
241554,50000000,71561640
2252,51500000,55112360
11968,50000000,44434440
10047,60000000,66976320
38319,49900000,26121640
69668,50000000,38502340
9770,50000000,10541520
11212,50000000,16671500
10533,50000000,10382410
38363,22000000,24188920
9923,50000000,22944500
11863,50000000,9851610
18501,50000000,40828540
109491,60000000,60052140
329833,50000000,55969000
12634,50000000,6808550
47327,50000000,28931400
15268,50000000,12764200
10796,49000000,72700000
9548,49000000,20423390
18947,50000000,36348780
1900,48000000,207515700
89,48000000,474171800
198184,49000000,104399500
9481,73000000,151493700
4547,48000000,196397400
6415,75000000,108000000
181283,50000000,3324330
9896,48000000,85498530
167,48000000,50315140
1636,48000000,90383210
2148,58000000,25928720
5176,55000000,70016220
260346,48000000,325771400
1389,48000000,77745570
9894,47000000,102825800
8592,47000000,103738700
913,48000000,124305200
11091,48000000,35743310
1368,15000000,125212900
5393,47000000,38085780
9095,47000000,12379400
8874,38000000,299288600
320,46000000,113714800
199,46000000,150000000
20533,47000000,10539000
10684,46000000,100860800
1624,45000000,181000000
325789,25000000,15436810
113464,46000000,5200000
888,46000000,341631200
82675,45000000,376141300
4256,48000000,220673200
1493,45000000,212000000
88751,45000000,101702100
11130,40000000,95149440
9944,45000000,195268100
10731,45000000,117615200
7350,45000000,175372500
9869,45000000,178051600
4379,43000000,154749900
146233,46000000,122126700
2034,45000000,104876200
926,45000000,90683920
4248,45000000,141220700
64328,45000000,165184200
36647,45000000,131183500
7214,30000000,76669810
1537,45000000,94935760
9360,45000000,136885800
6282,45000000,113916500
508,40000000,244931800
9487,120000000,363258900
768,35000000,74558120
2636,45000000,170362600
10478,45000000,53854590
9981,45000000,56070430
7453,50000000,104478400
7737,45000000,148412100
232672,40000000,123494600
17379,45000000,38399960
82525,45000000,82966150
9759,25000000,56422690
9486,40000000,160583000
9906,50000000,55181130
841,40000000,30925690
4148,35000000,75225690
2207,55000000,65664720
9381,70000000,72108610
20856,45000000,57881060
5955,35000000,29400000
9899,45000000,38058340
9826,45000000,17300890
10858,44000000,13681760
11439,45000000,60222300
9457,45000000,11203030
12412,45000000,9323833
13184,45000000,42487390
2185,40000000,8493890
6639,45000000,4607608
38153,45000000,2154540
58233,45000000,160078600
116977,65000000,73706
68734,44500000,232324100
5503,44000000,368875800
27573,40000000,136000000
819,44000000,165615300
1369,44000000,300400400
10895,2600000,84300000
10935,44000000,3484331
834,50000000,111340800
228066,40000000,34227300
711,43000000,80049760
10027,45000000,50871110
11812,43000000,68696770
37233,42000000,270248400
37950,44000000,48190700
27582,40000000,51070810
64688,42000000,201585300
509,42000000,363889700
7443,45000000,224834600
5966,42000000,171963400
11066,40000000,70100000
136795,43000000,158674200
8095,31115000,71000000
11560,42000000,63781810
2637,32000000,55157540
709,32000000,156167000
49730,42000000,89162160
2749,60000000,56359980
9607,48000000,20915460
1830,42000000,24127900
79,31000000,177394400
54054,40000000,36893720
228967,44000000,12342630
46528,42000000,11087570
27936,33000000,14000000
65,41000000,215000000
9476,65000000,117487500
745,40000000,672806300
49527,42000000,46221190
73937,41000000,7448385
1885,8000000,90815560
168672,40000000,251171800
18240,40000000,317375000
10398,70000000,177841600
165,40000000,332000000
240832,40000000,126546800
216015,40000000,571006100
12279,38000000,197012000
1645,40000000,152266000
11007,40000000,190212100
193756,40000000,149295600
11287,40000000,107458800
259693,40000000,320170000
37799,40000000,224920300
10184,40000000,177259400
4257,45000000,178262600
4234,40000000,161834300
196,40000000,244527600
257091,40000000,111811500
6114,40000000,215862700
24803,40000000,129540500
109410,40000000,95020210
1213,40000000,128798300
100042,40000000,169837000
9036,40000000,120456000
257211,35000000,194564700
323675,40000000,124827300
9361,40000000,75505860
1677,40000000,124731500
187,40000000,158733800
7461,40000000,151161500
16538,41000000,91636990
9889,40000000,141069900
820,40000000,205405500
11565,40000000,138259100
6073,57000000,147845000
16996,20000000,136267500
193610,40000000,196781200
19912,40000000,186167100
296098,40000000,165478300
8007,40000000,91753200
32823,40000000,90029660
4380,50000000,170128500
11551,40000000,54682550
10336,40000000,87840040
11362,35000000,75395050
50348,40000000,85412900
48138,30000000,130786400
1124,40000000,109676300
227159,42000000,107670400
68179,40000000,74597640
1579,40000000,120175300
708,40000000,191185900
34851,40000000,126248800
1586,40000000,92913170
2044,40000000,114830100
9913,43000000,91974820
10761,40000000,84601680
209451,40000000,67347010
11975,40000000,45916770
4970,40000000,141591300
11831,36000000,74000000
440,40000000,41797070
11172,40000000,145896400
39513,40000000,97552050
82687,40000000,41863730
41446,40000000,97138690
8224,40000000,96618700
10537,38000000,34416890
225886,40000000,126069500
10385,40000000,36037910
55779,47000000,157887600
10647,40000000,55707410
11431,30000000,50451310
8850,25000000,48063440
64685,40000000,55247880
38357,40000000,58785180
10060,40000000,46442530
11398,40000000,30199100
1833,40000000,31670620
8970,75000000,29000000
9306,40000000,49627780
11370,40000000,27053820
1921,40000000,65754230
1683,40000000,62771060
203,500000,3000000
11858,40000000,24332320
62835,40000000,60965850
18937,40000000,38172500
13536,40000000,22433920
10718,40000000,46546200
10802,45000000,20350750
1887,40000000,60474340
10461,63600000,19412990
80278,42000000,180274100
12704,55000000,14375180
10315,40000000,46471020
16643,40000000,16872670
2687,40000000,14358030
194,10000000,173922000
8849,60000000,13395940
78698,40000000,24719220
30943,38000000,28121100
9544,40000000,18902020
24418,40000000,28169670
7288,40000000,19322140
10366,45000000,10667890
19898,33000000,20645330
15074,40000000,10959480
1272,50000000,32017800
72358,40000000,22044280
266396,40000000,13644290
9978,40000000,23937870
8271,20000000,117760100
10428,20000000,7563728
110415,39200000,86758910
9495,15000000,94000000
256040,40000000,100000000
24420,39000000,101229800
62214,39000000,35287790
16320,39000000,38869460
8842,39000000,6614280
9531,39000000,75850620
64807,40000000,44907260
12289,80341000,127814600
11529,30000000,180622400
20943,38000000,205298900
9488,38000000,119723400
193,38000000,120000000
44865,3860000,64076740
55787,38000000,114156200
10400,50000000,73956240
1957,38000000,51801190
256961,38000000,107597200
5852,53000000,29700000
622,38000000,58401900
11306,38000000,17380130
12508,57000000,16991900
25793,10000000,47536960
10534,38000000,10300000
1091,15000000,19629760
87421,38000000,98337300
10871,37000000,6482195
13600,55000000,17869050
68722,32000000,28258060
14324,38000000,5410749
14325,40000000,9793496
299687,38000000,109906400
312221,37000000,173567600
23168,37000000,154026100
76494,40000000,79700000
4944,37000000,163720100
10488,37000000,100076300
96721,38000000,90247620
334,37000000,48451800
23742,30000000,55583800
259694,38000000,112343500
62837,37000000,95404400
8966,37000000,392616600
8470,36000000,102244800
11001,65000000,117758500
138832,37000000,269994100
16911,36500000,21834840
2163,36000000,50159140
36670,36000000,160000000
23048,36000000,64572260
227735,36000000,52424530
2155,42000000,32168970
8409,36000000,44350930
222936,37000000,26250020
48171,37000000,96047630
782,36000000,12532780
75531,36000000,3003296
11802,37000000,63800340
18785,35000000,459270600
365222,36000000,156844800
817,33000000,310940100
268,35000000,411348900
943,35000000,321731500
22881,29000000,309208300
10054,35000000,147934200
51540,35000000,117000000
44264,38000000,252276900
350,35000000,326551100
152,35000000,139000000
109431,35000000,173965000
1598,35000000,182300000
8065,35000000,69823200
271718,35000000,140795800
11638,35000000,68915890
409,27000000,231976400
2118,35000000,126216900
11459,35000000,86369820
9348,35000000,113374100
377,1800000,25504510
8843,33000000,104155800
39486,35000000,60251370
1273,34000000,95609000
13920,32000000,52277480
50544,35000000,150483800
325133,35000000,108758500
140823,35000000,112544600
1883,34000000,48169910
89492,35000000,88058790
22949,35000000,92219310
12437,35000000,91353500
2959,35000000,69307220
11648,30000000,58405310
9366,35000000,41955000
1576,33000000,102984900
609,10700000,122200000
13051,35000000,85416900
49530,40000000,173930600
34806,35000000,77477010
49022,35000000,59901910
23479,35000000,35323290
11667,35000000,99423520
423,35000000,120072600
10066,40000000,68766120
2288,27000000,115505000
88794,35000000,84606030
13515,35000000,72436440
11979,35000000,45479110
169,35000000,57120320
8090,35000000,32483410
11622,35000000,40263020
3604,35000000,27107960
9541,35000000,36098380
94348,45000000,30353230
8197,35000000,25105260
336004,8900000,4100000
35019,35000000,93246390
8836,30000000,68369430
14442,31000000,27388770
321741,35000000,50363790
59965,35000000,82087160
14175,35000000,19478110
11918,35000000,25871830
98357,56000000,19701160
10012,35000000,19294900
49526,35000000,31083600
268920,35000000,51680200
9093,35000000,29882640
119283,35000000,46216640
11823,31000000,41512010
35169,35000000,39340180
849,27000000,16519460
4515,35000000,63215870
6575,35000000,18317150
13496,35000000,13678910
18320,35000000,27409890
22787,40000000,12206030
8967,32000000,54674230
144336,35000000,17508520
9616,35000000,11560810
13056,20500000,10089370
14113,35000000,12506190
285783,35000000,61181940
9726,35000000,42064100
20763,35000000,4651977
9280,35000000,16838910
11876,35000000,15000000
22267,38000000,635096
1969,35000000,10496320
198663,34000000,348319900
239573,35000000,14431250
10436,34000000,32255440
1381,35000000,15304890
2162,70000000,11263970
127493,35000000,2106557
12429,41677699,187479500
228205,34000000,63013280
2900,75000000,19598590
192136,35000000,27330000
18254,32000000,40382660
881,40000000,243240200
10877,50000000,79958600
9600,30000000,173959400
71469,30000000,64626790
85446,33000000,140470700
326,33000000,62022010
7220,33000000,54700100
9763,30000000,27610870
72387,30000000,40346190
1892,32350000,572700000
13460,30000000,22211430
8055,32000000,113019300
50647,35000000,24159930
10719,32000000,173398500
9294,32000000,152036400
9353,32000000,80197990
55721,32500000,288383500
109414,32000000,126041300
10307,29000000,50041730
11978,32000000,48814910
22907,32000000,69055700
87567,35000000,21819350
38322,32000000,83615410
45612,32000000,147332700
7305,32000000,36733910
3594,30000000,77566820
157841,33000000,9494789
11519,35000000,31755740
59,32000000,60740830
9335,32000000,85167640
12106,32000000,18552460
11141,28000000,30016160
31867,32000000,18409890
10253,70000000,53587400
124459,30000000,27437880
24662,32000000,3566637
182,32000000,5914908
28,31500000,89460380
38073,32000000,42045850
302156,31500000,14708700
606,31000000,128499200
87502,31000000,161772400
698,34000000,210308100
120467,30000000,174600300
11313,31000000,24185780
6488,31000000,53208180
10559,31000000,68106240
296099,31000000,104384200
8012,30250000,115101600
1574,45000000,306776700
9032,34200000,234801900
2770,30000000,287553600
862,30000000,373554000
1637,30000000,350448100
72570,30000000,196114600
27569,31000000,15134290
10637,30000000,136706700
1669,30000000,199200000
132363,25000000,115922200
9472,20000000,167722300
2907,30000000,191502400
9273,30000000,212385500
9880,37000000,165335200
2925,26000000,116400000
807,33000000,327311900
17654,30000000,210819600
11836,30000000,140161800
322,25000000,156822000
70,30000000,216763600
9535,80000000,176885700
11036,29000000,115603200
6557,30000000,160259300
18126,35000000,155545300
16340,30,103
10333,30000000,74787600
4476,30000000,160638900
22947,25000000,163670000
2755,30000000,105834600
82654,35000000,116980700
59967,30000000,47042000
9598,30000000,254134900
82696,30000000,114281100
9870,30000000,105173100
8292,45000000,92374670
8780,30000000,63833450
10521,30000000,114663500
10762,19000000,69631120
10096,37000000,96455700
59436,30000000,151119200
4133,53000000,83282300
10207,80000000,118880000
172,30000000,70200000
36593,30000000,51132600
707,30000000,152428000
533,30000000,192452800
6023,30000000,156835300
6439,30000000,93772520
4347,30000000,129266100
4105,30000000,45892210
76489,30000000,54819300
3933,40000000,117195100
273481,30000000,84025820
307081,30000000,91709830
16871,30000000,90810890
293863,25000000,65663280
41233,30000000,159291800
9266,25000000,51842680
1262,30000000,53653220
4513,30000000,75505970
22970,30000000,66486080
7278,30000000,84646830
9013,30000000,38413610
865,27000000,38122100
10776,25000000,38748400
50456,30000000,63782080
9823,30000000,51376860
59861,30000000,36160380
133805,30000000,82394290
12763,30000000,34742070
9766,30000000,41480850
12244,30000000,48428060
109421,30000000,63372760
51162,30000000,14460000
10152,19000000,39267520
9452,30000000,29202880
9271,30000000,24048000
48340,30000000,108609300
14846,35000000,22034830
72207,30000000,53909750
16232,30000000,21800300
43539,30000000,51148650
9920,30000000,31070210
8978,30000000,35294470
11702,30000000,19204930
18550,25000000,17193230
43347,30000000,102820000
3489,30000000,16930880
9701,35000000,25224240
2122,40000000,26155780
10658,37000000,37962770
13150,30000000,31148330
9042,30000000,15007990
17813,30000000,15368900
11208,30000000,13001260
58151,17000000,24922240
11400,30000000,30536010
11058,25000000,30114490
14844,23000000,12
57089,30000000,13521830
1947,30000000,18618280
8054,30000000,64352610
46829,30000000,8454301
146238,30000000,62616650
9989,30000000,18195610
9665,18000000,26828360
13967,30000000,35078240
9053,21000000,480314
4512,30000000,14711790
76349,30000000,108348
45610,30000000,2527904
223702,19000000,140752600
254470,29000000,287506200
69,28000000,186438900
4967,30000000,37036000
4912,30000000,33013800
12771,29000000,16930180
323676,29000000,78636260
11249,12000000,24829640
9667,29000000,21126220
812,28000000,504050200
277216,28000000,201635000
87,28000000,333000000
14444,30000000,100491700
2043,60000000,105178600
315664,29000000,48902950
1428,29000000,98185580
562,28000000,140768000
15373,28000000,92380930
318846,28000000,133346500
14292,28000000,64445710
924,28000000,102356400
2018,35000000,94728530
192577,30000000,17137300
9428,21000000,71441250
2832,30000000,90259540
137093,28000000,134402400
699,28000000,195312800
9778,28000000,77516300
8831,27000000,101646600
9398,28000000,60780980
112949,28000000,97594140
10439,28000000,39514710
3638,28000000,92601050
23483,28000000,96188900
62206,28000000,40547440
10577,28000000,33000340
218778,28000000,100654100
4348,28000000,121147900
78,28000000,33139620
11780,28000000,31596910
192102,28000000,52598000
2001,21000000,54926890
11516,35866397,20217080
10025,28000000,38159900
15198,28000000,8888143
23172,28000000,45236540
17834,28000000,8345056
10016,28000000,14010830
10317,28000000,7002261
58431,28000000,16374330
9746,28000000,5684789
13092,27000000,17286300
59859,28000000,60700000
13495,24000000,23321950
254473,28000000,68896830
700,27500000,187500000
4964,30000000,219076500
10024,30000000,95714880
13490,35000000,43650780
15927,8000000,27187650
1259,15000000,49469900
5125,27500000,24748670
174,27000000,96900000
9437,27000000,60527870
525,27000000,115229900
10188,27000000,44352420
245,27000000,129000000
9825,27000000,56870410
186,27000000,56308880
9549,27000000,21500000
61891,30000000,15395090
34584,27000000,20158810
2666,27000000,27200320
13155,25000000,11137800
42807,27000000,76000000
28355,27000000,29000000
8080,27000000,13000000
56288,27000000,85564310
303858,27000000,93282600
1613,28,14
16617,27000000,21148830
8944,25000000,6673422
14560,26000000,183293100
10330,26000000,110230300
6957,26000000,109449200
1934,25000000,289317800
169917,28000000,53181600
951,15000000,201957700
10189,27000000,101624800
9454,26000000,65705770
2055,22000000,68296290
1551,26000000,61489260
5902,22000000,50750000
11460,26000000,57891800
9358,26000000,90426400
134,26000000,71868330
22894,26000000,67918660
134374,25000000,86175290
15028,26000000,38793280
7445,26000000,43318350
17047,26000000,28819000
62838,56000000,142044600
2057,42000000,35402320
70436,26000000,29657750
16784,30000000,14000000
8011,26000000,36800000
36355,25530000,20080020
238615,26000000,30523230
1985,25000000,82466670
615,30000000,611899400
788,25000000,441286200
380,25000000,412800000
13223,33000000,269958200
10523,25100000,29506460
8681,25000000,226830600
239571,26000000,35926210
619,25000000,411006700
424,22000000,321365600
50014,25000000,124272100
162903,28000000,8555008
6466,30000000,114908800
12589,25000000,80936230
7191,25000000,170764000
1497,25000000,78000000
117,25000000,76270450
6977,25000000,171600000
168530,25000000,153997800
634,25000000,281929800
392,25000000,152500300
10327,45000000,124914800
88042,25000000,119772200
41630,25000000,147780400
11969,25000000,56505060
2085,25000000,91036760
794,2800000,60922980
9286,25000000,117719200
77877,25000000,99357140
1265,60000000,137587100
866,25000000,116766600
75174,25000000,77278330
11096,25000000,122644800
8699,26000000,90574190
769,25000000,46836390
10923,28000000,58795810
11283,25000000,122489800
111,25000000,65884700
746,23000000,43984230
77866,25000000,63100000
7345,25000000,77208710
12277,25000000,41604470
9779,25000000,39053060
2140,25000000,64437850
12620,25000000,70442940
14177,25000000,36351350
198185,25000000,38307630
227156,25000000,66980460
11351,17000000,63102670
10030,25000000,59192130
10623,25000000,56489560
590,25000000,41597830
9655,20000000,33889160
1268,25000000,229736300
11237,20000000,70992900
190955,25500000,2415472
5123,25000000,66122030
4518,30000000,82150640
11932,25000000,50671850
11165,25485000,29548290
6116,25000000,100000000
57431,25000000,34942190
278,25000000,28341470
9290,21150000,39438670
11543,27000000,25023430
284536,25000000,39171130
152737,25000000,74188940
13374,25000000,27645490
8976,30000000,42886720
319888,23000000,46152800
9469,25000000,21567850
1909,25000000,22200000
22971,25000000,114977100
34813,25000000,23580000
46261,25000000,36993170
10431,25000000,40452640
8051,25000000,17000000
9352,25000000,20796850
15487,25000000,15431180
22825,30000000,33333530
1831,25000000,24362770
43931,25000000,19829960
10591,25000000,30411180
10861,25000000,51702480
276907,25000000,42972990
65055,28000000,10126460
10397,25,13
200505,25000000,28831140
60309,25000000,15478800
9787,25000000,13411960
293646,25000000,24902720
6978,25000000,11000000
59440,25000000,23057120
1770,28000000,16900000
8988,25000000,11207130
15992,25000000,10719360
17707,25000000,13000000
77883,14000000,85446080
40001,25000000,10070000
64639,25000000,10324440
9903,25000000,11772460
20766,32000000,27635300
24264,25000000,5778353
9067,25000000,4064495
8338,25000000,19844980
168705,25000000,2405420
72113,25000000,27603070
22256,25000000,777423
12404,25000000,2336172
152742,13500000,19255870
11699,25000000,10589100
48034,25000000,48531470
36696,25000000,6500000
109091,25000000,71009330
33157,25000000,3052000
859,14000000,34670720
83770,25000000,8784318
168,24000000,133000000
1246,24000000,155721100
4233,24000000,172363300
174751,25000000,1397284
184098,24000000,70181430
2069,41300000,106371700
1788,8200000,80035400
11635,24000000,87055350
177,24000000,41895490
3600,65000000,40002110
2621,24000000,36610000
10358,24000000,42105110
10313,24000000,68729360
13476,17000000,16980100
10208,24000000,16290980
24961,24000000,21049050
20697,24000000,12372410
20761,24000000,8434146
70868,24000000,30551500
43593,24000000,83188160
40688,24000000,4562146
26672,28000000,669276
41283,24000000,23081730
4935,24000000,234710500
19908,23600000,102391400
10663,23000000,185991600
1891,18000000,538400000
9737,19000000,141407000
37137,23000000,86930410
9532,23000000,53302310
10316,12500000,75993060
2787,23000000,53187660
152601,23000000,47351250
10866,23000000,36642840
227707,25000000,6399
21349,23000000,18653620
70435,23000000,33372610
580,23000000,51881010
20024,23000000,10827820
2453,23000000,7434726
6973,23000000,29541790
22215,23000000,9366227
11632,23000000,16123850
30596,23000000,5837674
3021,25000000,94679600
957,22700000,38119480
256917,22500000,15520020
251,22000000,505000000
544,23000000,369884700
11395,22000000,189833400
14635,20000000,75597040
13680,22000000,147880500
688,24000000,182016600
11090,22000000,84772740
783,22000000,77737890
228194,22000000,88880820
1642,22000000,110628000
10950,22000000,92542420
235260,22000000,67800060
277,22000000,95708460
8999,22000000,57479080
11323,22000000,35424830
11453,22000000,22400150
146239,26000000,51164110
10878,22000000,19351570
82650,22000000,77112180
2294,22000000,33788160
2176,30000000,23619610
270487,22000000,63647660
204082,22000000,43058900
24100,22000000,13555990
5550,22000000,10696210
287948,25000000,72629670
9075,21000000,26193070
11661,22000000,17709160
109513,2000000,14400000
204922,22000000,15447150
38985,22000000,12000000
44113,22000000,9479718
164457,22000000,15400000
4566,25000000,92991840
153158,22000000,24000000
81836,17000000,73244880
10724,18000000,70687340
2196,9000000,46
1499,21000000,42000000
20857,32000000,40222730
82693,21000000,205738700
1646,21000000,41170780
4108,21000000,43928930
8456,20000000,41627430
7341,21000000,17762700
19255,17000000,14899420
10187,21000000,17600000
31005,21000000,10011050
50780,21000000,970816
16363,35000000,69701640
1946,15000000,2856712
85,18000000,389926000
772,18000000,358991700
840,20000000,303788600
9682,38000000,29907680
96,20000000,299965000
10678,20000000,132675400
274,19000000,272742900
8872,20000000,121697300
16290,20000000,117224300
579,20000000,187884000
14405,20000000,149281600
138843,13000000,318000100
11637,32000000,97918660
226486,20000000,100525400
1584,35000000,131282900
9312,18000000,122195900
12153,37000000,113086500
65057,20000000,177243200
76203,20000000,187000000
13497,20000000,57588480
35688,20000000,60072600
162,20000000,53000000
296096,20000000,207945100
1051,1800000,41158760
376659,20000000,183936100
10073,20000000,48548430
16690,20000000,109862700
273895,20000000,66787910
14873,20000000,135680000
8968,20000000,67192860
9963,20000000,84146830
15655,30000000,45554530
21208,20000000,41596250
272878,20000000,43967260
9760,20000000,86865560
314365,20000000,88346470
13279,20000000,27640030
1975,20000000,39143840
33644,20000000,37672350
9895,20000000,41237650
9570,20000000,35841900
27579,20000000,65464320
16052,20000000,60000000
40264,20000000,80547870
1164,25000000,135330200
239678,19800000,41296320
14359,20000000,50907230
3989,32000000,50907420
76617,20000000,47241940
4258,20000000,78378740
20391,20000000,31678780
10139,20000000,54586580
335778,20000000,46069570
9645,35000000,68349880
55465,19000000,35387210
617,20000000,67200000
48289,20000000,45636370
243,30000000,47126300
8848,20000000,64822800
38,20000000,72258130
38303,20000000,32005250
1266,20000000,65569870
107985,20000000,46089290
19901,20000000,51416460
34016,20000000,49779730
59860,20000000,17425000
10069,9000000,27105100
12819,20000000,39300000
9954,20000000,37597470
25132,40000000,28972510
577,20000000,21284510
328387,20000000,83707310
12690,20000000,20211390
539,806948,32000000
13596,20000000,36620510
226857,20000000,34077920
47941,20000000,2297493
526,20000000,18432000
22796,20000000,18253420
2355,20000000,22222310
5915,15000000,56255140
9842,20000000,17807570
61012,20000000,52302800
755,19000000,25836620
9470,20000000,100914400
7979,20000000,73276050
470,20000000,60427840
15644,20000000,16605760
9582,20000000,17432160
22074,20000000,17436510
2428,20000000,15473330
290751,19500000,34854990
13805,25000000,14109280
4597,20000000,22942220
9414,20000000,13801760
63492,20000000,30426100
81796,20000000,32204030
15092,20000000,34560580
15005,20000000,13391170
8198,30000000,27674120
6963,20000000,12482780
15070,20000000,12398630
17134,20000000,17280330
41402,20000000,24145610
146198,20000000,12639300
2639,20000000,10686840
295964,20000000,36606740
11835,20000000,16974460
14396,20000000,10337480
15673,20000000,11341020
42618,8000000,20000000
171274,20000000,11110980
109417,20000000,16549480
13948,20000000,7000000
106747,12000000,15008160
256962,20000000,6420319
48231,15000000,27462040
3509,8700000,7659918
12142,20000000,10442810
23367,20000000,5210988
241239,20000000,12007070
3902,20000000,4001121
77948,20000000,16863580
21755,20000000,5530764
128,26500000,159375300
16608,2000000,5048693
32316,20000000,1675706
7299,20000000,5359645
13405,40000000,7400000
314385,10000000,3727746
10448,20000000,305070
43935,20000000,4634062
44638,20000000,346594
199373,27220000,5496951
581,22000000,424208800
52449,20000000,216197500
12150,19000000,110879500
11247,19000000,70067910
4232,14000000,173046700
694,19000000,44017370
105,19000000,381109800
11377,19000000,40846080
41210,19000000,49830610
12090,18000000,101564900
62630,19100000,5728213
29427,20000000,54956140
129,15000000,274925100
2669,25000000,8613462
13523,19000000,18755940
25195,19000000,29922470
17277,19000000,4750000
50725,19000000,6928068
73191,19000000,2119994
10065,19000000,108047100
2757,19000000,32801170
11683,15000000,46770600
1878,18500000,10680280
23082,18500000,31912790
195589,18000000,268157400
854,23000000,351583400
2280,18000000,151668800
496,18000000,261572700
8835,18000000,141774700
157,18000000,87000000
8643,19000000,144216500
10402,17000000,65535070
218043,16000000,19682920
21301,18000000,65070410
10147,23000000,76488890
816,16500000,67683990
302688,18000000,88923250
60307,21000000,72417390
106,18000000,98235550
279,18000000,51973030
10625,17000000,129042900
5279,19800000,87754040
10013,18000000,41382840
194662,18000000,103215100
160588,18000000,99206220
9829,15000000,76286100
10028,18000000,62646760
790,1000000,21378360
43959,18000000,47088990
10364,18000000,24911670
9610,18000000,100000000
1578,18000000,23000000
25643,18000000,36133010
44115,18000000,35692920
10560,18000000,17200920
333348,17000000,24000000
20483,18000000,16702860
321697,30000000,34441870
38665,18000000,2945600
2575,21000000,28008460
11644,18000000,12000000
146227,18000000,10501940
68924,18000000,8038061
253235,18000000,25312390
10068,17000000,6735922
848,18000000,14110010
522,18000000,5887457
130150,18000000,20275810
12246,18000000,26527510
13809,18000000,25739020
33870,25000000,20719450
245703,18000000,6212282
127560,18000000,22309220
10017,2700000,3500000
11468,18000000,676698
193613,18000000,7972967
17436,18000000,382174
43434,18000000,871279
8408,3500000,34000000
9389,18000000,1831348
9626,17900000,6948633
75638,14000000,13551170
8363,20000000,121463200
8328,23000000,150816700
10982,15000000,51053790
205,17500000,38000000
1620,24000000,99965750
175541,17500000,7018189
241254,18000000,266586800
679,18500000,183316500
11113,17000000,72070730
3597,17000000,125586100
193893,17000000,136621300
9675,16000000,109502300
9988,17500000,19179970
948,300000,70000000
146304,17000000,71625200
7516,17000000,57103900
41439,20000000,136150400
9429,17000000,30331160
38117,17000000,43165570
9792,15000000,69623710
13960,20000000,21170560
114150,17000000,115350400
26602,34000000,19693890
26390,17000000,29536300
27759,17000000,10000000
109428,17000000,97542950
23049,17000000,20455280
9310,17000000,7314027
11411,17000000,19300000
7304,17000000,9500000
1491,40000000,86915020
2989,17000000,2000000
10629,17000000,1569918
255343,17000000,3758328
4723,17000000,374743
25763,17000000,8720000
79694,17000000,9627492
18615,16800000,2281089
10673,15000000,43848070
4584,16500000,135000000
2977,16500000,37311670
10760,16500000,13620080
11093,16500000,16942800
207,16400000,235860100
8467,16000000,247275400
639,16000000,92823550
24226,16000000,53977250
9285,16000000,119754300
74643,15000000,133432900
13788,16000000,76514050
83666,16000000,68263170
318850,18500000,6490401
1417,19000000,83258230
16161,16000000,29381650
49950,16000000,40492760
10956,17700000,30987700
9594,15000000,30102720
4638,12000000,80573770
13972,16000000,50007550
5038,15000000,96408650
10571,16000000,20627370
19994,16000000,31556060
25166,16000000,15427190
12120,20000000,13854000
9800,26000000,206678400
1090,16000000,18564090
18475,16000000,12
9781,6500000,4217115
8009,16000000,5900000
3877,16000000,2849142
8854,16000000,1686429
152599,16000000,5867686
68727,20000000,24261570
12657,16000000,14822350
8265,11000000,53191890
34647,13000000,754249
28178,16000000,47801390
264656,16000000,3442853
18777,15500000,1237615
90,15000000,316360500
771,18000000,476684700
9576,21000000,177200000
744,15000000,356830600
146,17000000,213525700
14,15000000,356296600
45269,15000000,414211500
9493,15000000,216614400
22556,15000000,317000
873,15000000,146292000
33196,16000000,11301650
205596,14000000,233555700
16769,15000000,67182790
33217,15000000,75700500
132232,15000000,146497800
11153,15000000,61399550
208134,15000000,151831500
1165,15000000,123384100
4011,15000000,73326670
17202,15000000,55184720
65086,17000000,127730700
10053,15000000,66966990
11870,15000000,52970010
11778,15000000,50000000
586,15000000,64256510
18736,17000000,55534460
134411,35000000,42930460
287903,15000000,61548710
9276,15000000,40283320
2142,15000000,44862190
11397,16000000,66468330
77016,7000000,48126380
11478,15000000,35007180
266856,15000000,123726700
10564,15000000,33771170
947,15000000,69995380
24150,15000000,39421470
228970,15000000,52501540
18405,15000000,32721640
6961,15000000,47175040
11442,13000000,37664860
2493,16000000,30857810
14047,15000000,30226140
64690,15000000,78054820
11132,15000000,29331070
17127,15000000,46905890
1562,15000000,64238440
232679,15000000,30127960
17880,14000000,32645550
14736,20000000,27728120
23706,15000000,40105540
9100,15000000,24769470
116,15000000,85306370
1245,11500000,23237910
4995,15000000,43101590
14012,15000000,21000000
12212,14000000,38574360
8975,20000000,22165610
342521,15000000,20566330
45272,15000000,20529190
9424,15000000,17507370
97367,15000000,35485610
254904,15000000,32556120
12162,15000000,42000000
11495,15000000,17080170
64689,15000000,37930460
157849,15000000,31554860
37003,15000000,22730840
12211,25000000,15843610
51828,15000000,59389430
22798,15000000,16633040
7501,15000000,12000000
97430,15000000,15608540
12257,15000000,10443320
14024,15000000,14867510
115,15000000,46189570
7874,15000000,10903850
4911,15000000,9237470
1988,16000000,18928870
16222,15000000,9902115
9557,20000000,8586376
8321,15000000,34533780
10186,15000000,8762890
25704,15000000,6405245
133694,15000000,8138788
19265,15000000,35097820
36047,15000000,5217498
8053,15000000,12036150
5236,15000000,15785150
6552,25000000,4152230
1018,15000000,20117340
42188,15000000,9455232
6687,15000000,5926410
8461,15000000,7938872
19,92620000,650422
10045,12000000,9584131
400,8000000,529766
253450,15000000,632542
16353,8500000,8936663
23759,12000000,6814789
24206,15000000,76382
10185,15000000,3533227
31668,15000000,23000
13501,15000000,20380
172391,20000000,27187380
137,14600000,70906970
264999,14800000,122513100
454,14500000,147298800
53457,10000000,17511910
33,14000000,159157400
1951,14200000,674918
12405,15000000,377910500
10998,14000000,320145700
114,14000000,463000000
2604,14000000,161001700
864,14000000,154864400
14435,15000000,100734700
1931,13000000,75511120
691,14000000,185438700
9877,14000000,72527600
12227,14000000,34793160
71688,13000000,114956700
8291,14000000,27515790
13950,14000000,25482930
12158,14000000,19800000
11586,14000000,30749140
12403,14000000,22852640
34563,14000000,21409030
10368,12000000,21001560
14434,11000000,13196240
11470,11000000,16951800
24940,14000000,10424470
82679,14000000,11417360
2013,14000000,19777650
1440,26000000,14821660
18041,14000000,5108820
87729,14000000,2474000
44754,14000000,46495
43949,14000000,1755212
142,14000000,178043800
10712,13500000,29027910
243938,14000000,12314650
10876,13500000,7060876
86838,15000000,19422260
613,18339750,92180910
1913,12806000,38535220
97370,13300000,5380251
801,13000000,123922400
70829,13400000,16700000
54518,13000000,98441950
44214,13000000,327803700
240,13000000,47542840
9816,13000000,91038280
10131,7000000,72500000
339984,16000000,77000000
8859,13000000,73180720
11967,13000000,44726640
239563,13000000,54837230
222899,12500000,49002680
4951,16000000,53478170
332567,17000000,119100800
1954,13000000,96060860
22345,12000000,36450740
9448,13000000,27007140
11186,13000000,35763600
136835,13200000,53830420
5876,18000000,57096190
264660,15000000,36869410
492,13000000,22863600
238603,13000000,45300000
10691,13000000,16929120
1251,19000000,68673230
5172,13000000,11130890
58680,13000000,8026971
264644,6000000,35401760
11592,13000000,7820688
16406,13000000,27500000
3682,13000000,16757160
107811,13000000,48065670
2266,13000000,4857367
144340,13000000,18000000
28211,15000000,8459458
47502,13000000,9789900
9950,13000000,2636637
84892,13000000,33400000
24227,3000000,1200000
9672,13000000,1151330
157544,13000000,1784763
59678,14350531,3964682
79777,10000000,303877
158011,13000000,68572380
8952,13000000,10652040
62204,12000000,55260560
13435,12500000,23367590
319,12500000,12281550
9504,12500000,10725230
26688,12500000,27206120
6615,12000000,11293660
14574,12500000,20416560
16,12800000,40031880
21612,12500000,1227324
36691,15000000,5024782
23631,20000000,31327900
45324,12500000,1083683
12144,12300000,84460850
56601,12500000,3878993
9552,8000000,441306100
578,7000000,470654000
2105,11000000,235483000
126319,12516654,8109160
10136,25000000,79817940
67660,12000000,96070510
10611,12000000,75781640
154,12000000,96800000
3049,15000000,107217400
860,12000000,79567670
9281,12000000,68706990
75674,12000000,81272770
9762,12000000,114194800
184,12000000,39673160
13335,12000000,43493120
76726,15000000,145000000
10269,12000000,30400000
36819,5000000,42365580
17130,12000000,61141030
57214,12000000,100000000
11202,12000000,89800000
9357,12000000,52223310
13812,12000000,40855420
9030,12000000,56309770
19084,12000000,31179520
8386,12000000,31155440
1360,12000000,56298470
101267,12000000,32726960
222935,12000000,307166800
10220,12000000,22921900
31915,12000000,54000000
11601,12000000,21133090
205220,12000000,100129900
14191,12000000,23006850
286565,12000000,85512300
129670,12000000,17654910
34549,12000000,17292380
57157,12000000,22939030
1948,12000000,42931040
46889,12000000,12902790
387,14000000,85000000
60599,12000000,35485060
227719,12000000,32248240
12088,8000000,6739141
14799,12000000,5542025
7510,12000000,6754898
31246,12000000,4922166
61752,12000000,4939939
10944,12000000,23
10362,12000000,3148182
1255,11000000,88489640
179144,12400000,8371085
86825,12000000,12077440
844,12000000,19271310
38448,12000000,1644755
327,12000000,15250000
21345,12000000,10652500
173931,19000000,2570000
61984,12000000,11212290
50601,20000000,17479
236751,12000000,101333000
107,10000000,83557870
8913,11500000,57469470
927,11000000,153083100
11,11000000,775398000
291870,11500000,94073030
907,11000000,111858400
45317,25000000,93617010
12094,11000000,72778710
10377,11000000,64088550
249164,11000000,78874840
9942,11000000,49797150
1817,13000000,97837140
10229,11000000,41227070
687,11000000,39363640
796,10500000,75902210
22804,11000000,68233630
10156,11000000,31672910
12837,11000000,38105400
17708,11000000,23978400
13937,12000000,37170060
28932,11,11
31909,12000000,4884663
167073,11000000,62076140
3175,11000000,20000000
14369,24000000,14782680
16888,24000000,13700000
121826,11000000,59520300
10646,11000000,23430770
12149,11000000,13110450
304357,11000000,61619770
20009,14000000,6413915
1587,11000000,30000000
30973,10000000,4069090
63020,11000000,2832826
86829,11000000,32935320
13888,11000000,2807854
42345,11000000,2200000
11917,10800000,113857500
14395,7400000,17000000
24137,14000000,18535190
62,10500000,68700000
601,10500000,792910600
13067,10000000,17500000
88641,10500000,123509
96399,12000000,9622846
489,10000000,225933400
214,10000000,163876800
10890,10000000,85300000
1588,28000000,90449930
316727,10000000,118587900
10314,10000000,103167000
663,10000000,139352600
11804,10000000,91196420
16781,6000000,57231520
11873,13800000,52293980
9289,10000000,50100000
10414,10000000,50752340
1970,10000000,183474600
9614,12000000,41205100
8922,10000000,59217790
1648,10000000,40485040
17917,10000000,37402880
74534,10000000,136836200
19405,10000000,44460850
9355,12305523,36230220
10999,10000000,57500000
321258,10000000,64188370
44040,10000000,33583180
10426,20000000,33526840
280092,10000000,104303900
13938,10000000,25754280
10163,10000000,32101000
12182,9000000,32973940
1832,10000000,30652890
15301,10000000,29450920
10135,15000000,30050030
26352,10000000,29392420
20616,8500000,34411240
9794,12000000,38368910
15037,10000000,25605020
227,10000000,33697650
294272,65000000,143695300
11336,10000000,20766620
283445,10000000,52882020
88036,14000000,24637470
22824,10000000,42333300
11545,9000000,17096050
42684,10000000,66821040
268238,10000000,85978270
41823,10000000,16153590
9362,11000000,48572000
9902,12600000,28650580
14729,10000000,15795190
9455,25000000,15156200
103731,10000000,21587700
10090,10000000,20342160
75900,6400000,35057700
9515,10000000,17297240
328425,5000000,58978650
1542,10000000,12827810
10490,10000000,10571410
87093,10000000,28883510
10029,30000000,9898412
11507,10000000,8801940
37931,10000000,6110000
87818,6000000,32438990
88005,10000000,9636289
73,20000000,23875130
14283,18000000,9495408
209403,9500000,7800000
7942,10000000,33000000
73247,10000000,2154696
253331,9000000,21571190
9952,10000000,7177143
256924,10000000,10835750
82532,10000000,4417580
2088,11500000,3275585
10388,10000000,3193102
1640,6500000,98410060
25520,10000000,5164404
329440,10000000,40055440
47890,14000000,439564
252512,10000000,7587485
55720,10000000,1759252
29076,10000000,1631839
68812,20000000,1969193
73567,10000000,3665069
41479,10000000,7022728
1989,10000000,21786740
12779,10000000,598645
13191,5000000,1296184
101173,7700000,1072602
20178,10000000,295750
78149,10000000,45779
245846,10000000,17472
25186,10000000,9069
217708,10,11
78383,10,10000000
16614,9500000,17164380
9700,9600000,4386236
10471,11000000,59827330
667,9500000,111584800
86837,8900000,19839490
10306,10500000,14144000
11576,9400000,60000000
219,12899867,85582410
62215,7400000,21817300
348,11000000,104931800
30497,85000,30859000
27586,10000000,2995811
14811,9000000,83304330
660,5500000,141195700
40794,7000000,8220215
9400,9000000,41590890
16162,9000000,34573780
10585,9000000,44196680
2359,9000000,24538510
238636,9000000,108782800
11282,9000000,23936910
14181,26000000,28780260
1621,40600000,90400000
9656,9000000,21510850
1619,8500000,19125400
9685,9000000,4777465
14425,9000000,4350774
15568,9000000,2955039
67675,9000000,18663240
250349,6000000,14348530
39806,9000000,771499
15699,5000000,140666
17926,9000000,1046166
9671,5000000,328203500
13483,86000000,14373820
1547,8500000,32222570
25196,7000000,39462440
16323,9250000,29174650
175528,8500000,22456510
8069,9000000,2500000
16727,12000000,20138840
272693,8500000,43528630
10696,22000000,5271666
29963,8500000,4440055
26022,12000000,42345360
152747,9000000,6108720
62676,8000000,1997807
1116,6500000,22889020
185008,7700000,46000000
11620,8250000,30000000
680,8000000,213928800
242582,8500000,38697220
11217,8500000,5001655
15121,8200000,286214300
2619,8000000,69821330
773,8000000,100523200
235,8000000,52287410
170,5000000,82719880
10734,8000000,43000000
37964,8000000,27362710
40807,8000000,39187780
225565,8000000,26049080
668,6500000,81974490
11596,14000000,18090180
14429,8000000,22593410
13751,8000000,18948420
9490,8000000,17460020
14536,8000000,29010820
1359,7000000,34266560
9962,8000000,16856120
15049,8000000,12671300
22821,8000000,10629320
37735,8000000,74952300
10873,8000000,8279017
51588,8000000,10130000
291270,8000000,5659286
44009,8000000,18124260
13154,8000000,2275557
43923,8000000,6491240
26306,8000000,589304
198277,8000000,63464860
7870,8000000,852872
13072,8000000,458232
10288,8000000,426224
44147,8000000,3453043
13197,8000000,143451
251321,8000000,53086
149,8000000,553171
10425,22000000,413454
49081,8000000,2019009
302,7800000,22441320
403,7500000,145793300
33542,7500000,32392050
9388,6500000,24793510
1691,10200000,35619520
24684,7500000,26096850
2610,10284523,11588200
11022,6500000,12633750
34341,7500000,4245870
36046,7500000,3347647
12569,8000000,10848780
73873,8000000,5634828
7735,7500000,19000000
301365,7000000,1333124
25941,7300000,10329750
7326,7500000,231411600
681,7200000,116019500
238,6000000,245066400
535,4000000,92921200
19913,7500000,60722730
713,7000000,116700000
77930,7000000,167221600
253,7000000,161777800
57119,6600000,37710610
3291,7000000,54600000
398,7000000,49084830
8068,7000000,25405440
10803,9000000,25000000
682,7000000,97572000
10117,7000000,20256980
79316,7000000,36433980
2074,7000000,14702440
308639,700000,17986780
22314,7000000,14011450
2662,7000000,16829540
12573,7000000,31430330
241771,7000000,14618730
11051,7000000,8373585
14578,7000000,7292175
13006,7,5
16651,7000000,4720371
4251,7000000,29385320
14112,7000000,2062066
71859,7000000,6038942
33676,7000000,1246141
30128,7000000,1429299
44835,7000000,382946
306745,7000000,573335
47088,7000000,453079
110402,7000000,1310673
27004,7000000,46488
8374,6000000,30471
164372,7000000,12400000
13001,7000000,8900000
9571,6900000,7993039
82505,6900000,44287130
46738,6800000,7103838
250546,6500000,255273800
38415,7,7
650,6500000,57504070
16620,6500000,54215420
11033,6500000,31899000
9430,6500000,28451620
8998,6500000,13368440
10514,6500000,12376560
76025,6500000,17693680
4836,6500000,11850210
14631,6500000,2025032
87499,6500000,2401510
18923,6500000,1548955
28089,6500000,1521261
218,6400000,78371200
338,4800000,79384880
10925,4000000,14237000
2293,6000000,2122561
621,6000000,181813800
792,6000000,138530600
1777,6000000,119114500
642,6000000,102308900
433,6000000,102272700
1725,6000000,43656820
11977,6000000,39846340
16158,6000000,25059640
629,6000000,23341570
10160,8000000,22168360
11452,5000000,38275480
12163,6000000,44704000
32275,6000000,20400000
1103,6000000,50244700
14144,6000000,18197400
10622,12716953,18814720
13370,6000000,18750250
10215,6000000,58000000
25066,6000000,12000000
1523,6000000,48027970
11361,5000000,11642250
92591,5000000,9206470
57612,6000000,7518876
15256,6000000,6852450
83686,6000000,13231460
28053,6000000,6670712
67913,6000000,19560270
13991,7000000,6230276
1443,6000000,10409380
231576,5500000,5483299
16172,6000000,4398989
15797,6000000,3283371
13537,6000000,2944752
20794,6000000,2025238
576,6244087,638641
13990,6000000,2899975
27549,6000000,869325
59728,6000000,399611
58882,134005,1332231
13827,6000000,69497
97614,12000000,66351
837,5952000,2120439
1555,5300000,3897799
244783,6000000,32251
16564,4000000,530048
3482,5800000,6800000
8982,6000000,27165580
455,3500159,76578640
14351,5800000,7000000
10664,5600000,18469680
9277,5500000,159616300
9443,5500000,58972900
11901,5500000,15700000
33155,5500000,4865000
321,4361898,3031801
4997,5000000,2466444
925,6500000,37295440
7913,2200000,11502150
230266,5500000,5000000
215,4000000,152925100
333371,15000000,108286400
9012,5000000,64282310
345911,4900000,44107030
72571,5000000,205703800
242512,5000000,103590300
10072,5000000,44793220
211954,5500000,99067210
82990,5000000,142818000
29912,4100000,36000000
11843,5000000,41833350
11284,11000000,34872030
504,8000000,60378580
173,5000000,28200000
227348,5000000,86362370
1955,5000000,26010860
152532,5000000,55198280
243940,3300000,64110730
77,9000000,39723100
157547,5000000,44030250
2295,5000000,26888380
71,5000000,110000000
147773,4600000,23198650
24266,3500000,20659420
59968,10000000,17273590
323677,5000000,24804130
256274,5000000,40100000
284293,5000000,43884650
24973,5000000,15000000
21610,5000000,19905360
10283,5000000,14000000
8346,5000000,368744000
122081,5000000,31724280
10987,5000000,15116630
1391,5000000,33616690
747,4000000,30039390
26748,5000000,13269960
11357,5000000,17768760
14854,5000000,12232630
50357,5000000,25562920
13090,5000000,16174380
192141,5000000,54418870
29996,5000000,12200000
351819,20000000,21164800
22649,4,25
11042,8000000,3432342
17339,5000000,7230000
335,5000000,5321508
15745,5000000,5476060
17431,5000000,9760104
78394,5000000,4074023
10217,5000000,3263585
46332,4000000,41424070
13996,5000000,4040588
1024,5000000,3049135
343795,5000000,4842699
45658,5000000,2614773
16148,5000000,1980338
4553,5000000,8203235
245916,5000000,2450846
27585,5000000,5129058
1415,5000000,742898
313922,5000000,3220371
199933,5000000,846704
13685,7000000,560069
46838,5000000,5476793
298312,5000000,98450060
11600,5000000,782102
31175,5000000,17872800
12498,1000000,24475420
77949,4798235,209696
1690,4800000,80578930
64720,5000000,3099314
16337,4700000,8025872
11577,4638783,11000000
77987,4800000,10337390
9336,4500000,146198900
5689,4500000,58853110
712,6000000,254700800
13342,4500000,27092880
10339,4500000,10400000
1429,15000000,13060840
9303,4500000,7011317
641,4500000,7390108
252680,5000000,10429710
141,6000000,1270522
39800,4500000,744816
36419,4500000,3606395
510,3000000,108981300
375290,4500000,32000000
116613,3730500,6294161
1088,8000000,41400000
3040,4200000,32000000
11386,3705538,62548950
10246,4000000,125728300
10331,114000,30000000
153,4000000,119723900
703,4000000,38251420
27191,4000000,36000000
1365,4000000,44909490
287424,4000000,187112
451,3600000,49800000
241251,4000000,52425860
40494,4000000,14400000
39781,3500000,34705850
8337,4000000,13008930
5925,4000000,11744470
146203,5000000,15179300
85350,4000000,44349000
512,4000000,31584900
13408,7000000,10229330
47816,6000000,9000000
11536,4000000,8200000
2370,4000000,6000000
9809,4000000,4630045
5,4000000,4300000
11013,4000000,9304609
10132,4000000,3468572
8141,4000000,2426851
48572,4000000,1104682
14517,4000000,866999
157847,4000000,2365467
25719,3000000,302204
48309,1300000,354704
44945,9500000,120000
111190,16000000,318982
54580,4000000,146402
52015,650000,33245
60422,4000000,355688
81390,4000000,25345000
22301,3950000,8000000
874,3900000,28350000
10774,3800000,23689880
770,4000000,400176500
29715,3800000,14873
25209,3768785,8000000
37495,967686,4270000
34769,3500000,44462
35032,3700000,2956000
8618,4000000,13401950
3116,3600000,44785050
9427,3500000,257850100
813,3500000,83453540
10634,3500000,28215920
9516,3500000,27900000
16288,3500000,14000000
23330,3716946,5000000
18900,3500000,13007550
27029,3500000,12800000
26268,3500000,12000000
573,3500000,12600000
310131,3500000,40423940
11363,3500000,9482579
3033,10000000,6451628
25376,2000000,33965840
765,3600000,5923044
46146,3500000,4159678
14256,3500000,113783
12535,3400000,31063040
1667,8000000,127392200
50839,3500000,19504040
13973,3000000,3830137
244786,3300000,13092000
598,3300000,30641770
11129,600000,4000000
103663,3800000,16800000
301748,3300000,45000
108346,2000000,7
805,3200000,33395430
11697,3200000,8000000
55347,3200000,5332926
8469,2700000,141000000
658,2500000,124881100
1585,3180000,9644124
627,4000000,16491080
41436,3000000,177512000
1430,4000000,35564470
10014,3000000,29999210
11257,3000000,20966640
158015,3000000,89328630
82507,3000000,77712440
20337,3000000,19184020
261,3000000,17570320
1685,3000000,18999720
20737,3000000,23144500
10991,16000000,68411280
10225,3000000,19472060
826,3000000,33300000
34086,3000000,15369570
5854,2000000,7900000
284,3000000,25000000
10285,3000000,15938060
5780,3000000,13000000
292,3000000,11718600
22013,3000000,10400000
821,3000000,10000000
3089,3000000,9012000
132344,3000000,11176470
15158,3000000,7282851
44634,3000000,6804016
10557,3800000,28200000
28005,3000000,4109095
252,3000000,4000000
18892,3000000,3076820
549,2962051,3011195
868,3000000,9879971
10683,3000000,2807390
246403,2800000,1826705
670,3000000,14980000
49010,3000000,748453
24469,3000000,2357852
84174,3000000,11947950
38541,3000000,22000
234212,3000000,3387000
26039,2500000,3200000
666,2900000,5596708
248,2900000,5000000
43942,3000000,103735
10476,8000000,23563730
239,2883848,25000000
10281,2800000,19170000
630,2777000,33754970
3034,2800000,86273330
13025,2000000,5364858
17264,2700000,37799640
15875,2686000,6600000
43306,2627000,5363000
11072,2600000,119500000
9730,2600000,32980880
209274,2159280,10700000
291,2600000,3166000
14139,2600000,553198
872,2540800,7200000
139038,2500000,60141680
126509,2500000,33400000
10676,2500000,14400000
1687,2500000,12348900
24748,2500000,10000000
401,2500000,26781720
76,2500000,5535405
84329,2500000,3325038
157386,2500000,6854611
46849,2500000,71904
20764,2500000,107559
45132,2500000,324138
49471,2400000,5731103
7512,30000000,495303
11798,2380000,8176544
43546,2361000,6892000
17820,2300000,11000000
756,2280000,83320000
9728,4000000,36690070
9731,2200000,21930420
43610,2160000,9132000
887,2100000,23650000
364083,2100000,3330
8329,1500000,30448000
657,2000000,78898760
11561,2000000,18344730
270303,2000000,14674080
11624,2000000,18016290
595,2000000,13129850
8810,2000000,24600830
226,2000000,11540610
92182,2000000,13101670
582,2000000,70000000
72213,1000000,34522220
990,2000000,7600000
55604,2000000,9172000
9662,8000000,1477676
80,2700000,15992620
55,2000000,20908470
11023,2000000,4601043
33667,2000000,7800000
39013,2000000,13831500
43839,2000000,4000000
44639,2000000,7871522
301351,6000000,11122090
7873,2000000,5967038
331190,2000000,2801508
15186,2000000,2506446
1378,2000000,5179037
8885,2000000,11125850
48382,2000000,1672730
12901,2000000,1431623
250124,2000000,1477002
12228,2000000,653621
42889,2000000,563706
10656,2000000,390659
24746,2000000,124494
12109,2000000,120620
27023,3800000,111731
273899,13500000,187674
20653,7000000,1100000
28260,2000000,54207
13075,2000000,622806
115210,100000,95000
11302,2000000,11833700
26388,1987650,19152480
38358,1800000,67738090
702,1800000,8000000
935,1800000,9440272
84175,1800000,21107750
1705,1700000,8844595
50875,2000000,841733
4929,1800000,6800000
104,1530000,7267585
10894,500000,150277
1688,1700000,9700000
43947,2000000,572809
24066,1700000,1943649
191714,1000000,4235151
34106,1644736,7433101
11426,1650000,30500000
13909,1600000,5400000
592,1600000,4420000
10758,2000000,22179430
11690,1500000,11806120
3083,1500000,9600000
9344,1500000,7412216
10707,1500000,11098130
15647,1000000,10013420
4174,1500000,7000000
9464,1500000,2375097
49018,1500000,97009150
13820,1500000,2300000
17113,1500000,712294
129139,1500000,3566225
507,1500000,418961
4012,1500000,416925
10972,1500000,373967
3082,1,8500000
1961,1500000,173066
23963,1500000,32000
104755,1500000,1165882
408,1488423,184925500
39209,1455000,2620000
100,1350000,3897569
25784,1300000,639000
223,1288000,6000000
9725,1250000,21722780
28580,1250000,11000000
23730,1250000,3412497
19997,1250000,8500000
43266,1250000,6000000
176,1200000,103911700
39939,3000000,18492360
11219,1200000,7000000
176124,1200000,2861020
500,1200000,14661010
429,1200000,6000000
89750,900000,25000
43884,1200000,2736000
13064,2600000,2850263
7553,3000000,18637690
39895,1100000,1400000
94329,1100000,4105187
289,878000,10462500
1366,1000000,117235100
5769,1000000,37600000
277685,1000000,62882090
103,1300000,28262570
11298,1000000,17985890
646,950000,59600000
9003,1000000,14564030
347126,5000000,23507570
10092,1000000,10047670
10643,1000000,10037390
46705,3500000,16566240
546,1000000,13350370
76487,1000000,101758500
5722,2090000,40000000
39833,1000000,9000000
1781,1000000,46243000
18712,1000000,7800000
171424,5000000,6833445
113947,1000000,9138338
32456,1000000,2057193
13508,1000000,1678874
22597,1000000,1744858
26791,1000000,852206
56666,1000000,623791
46989,1000000,464000
123678,1000000,444575
13362,1000000,274661
18206,1000000,10018
13856,1000000,7202
29146,950000,814666
654,910000,9600000
91070,930000,30905
2009,852510,1185783
2652,950000,7022209
9813,900000,381420
3170,858000,267447200
15708,850000,819939
84200,850000,1243961
47889,800000,1001437
25461,800000,2816116
26899,800000,62852
14451,800000,1984662
838,777000,140000000
84332,750000,4007792
74725,500000,171760
58428,750000,78396
288,730000,8000000
14275,700000,7830611
18734,700000,1667192
7859,700000,4911725
302579,700000,10508
3080,609000,3202000
2667,60000,248000000
9459,600000,34505110
704,560000,12299670
14438,500000,33456320
83,130000,54667950
30315,500000,17000000
2056,500000,8679814
14271,2053648,500000
84401,500000,845188
12281,500000,603943
346,2000000,271841
45649,500000,98017
43933,500000,4242978
15624,450000,973525
3062,439000,2281000
8193,400000,46118100
23827,15000,193355800
762,400000,5028948
1435,218,1162014
9029,35000000,170000000
11240,860000,2451545
3059,385907,8394751
65203,379000,4358000
764,350000,29400000
103620,6000000,31081
14278,300000,1750211
389,350000,1000000
3078,325000,4500000
21525,300000,7808524
55123,312000,1281176
11980,8,16
73981,300000,2074000
118452,300000,40542
13282,300000,8000000
2255,250000,12021270
50035,250000,4186931
431,250000,501818
51942,250,203
60420,250000,3542353
109729,250000,56825
3060,245000,22000000
18533,230000,2260712
139948,225000,111300
70478,100000,27000000
35073,210000,5000000
9659,400000,100000000
10218,200000,4505922
391,200000,14500000
43595,200000,2200000
54897,200000,2295733
21334,180000,900000
79120,8000,469947
55420,100000,1776935
5822,150000,15200000
39141,150000,2891288
5723,160000,20710510
1779,160000,6706368
84355,125000,3200000
339408,8500000,15861570
18925,100000,10178330
299245,100000,42664410
985,10000,7000000
473,60000,3221152
9372,65000,28575080
47607,65000,416498
242095,4000000,600896
42151,31192,10000
2292,27000,3151130
692,12000,6000000
36095,20000,99000
14337,7000,424760
9367,220000,2040920
