station_id,year,month,day,rides
40010,2019,1,1,576
40010,2019,1,2,1457
40010,2019,1,3,1543
40010,2019,1,4,1621
40010,2019,1,5,719
40010,2019,1,6,554
40010,2019,1,7,1714
40010,2019,1,8,1868
40010,2019,1,9,1811
40010,2019,1,10,1805
40010,2019,1,11,1697
40010,2019,1,12,679
40010,2019,1,13,489
40010,2019,1,14,1945
40010,2019,1,15,1946
40010,2019,1,16,1994
40010,2019,1,17,2118
40010,2019,1,18,1836
40010,2019,1,19,594
40010,2019,1,20,458
40010,2019,1,21,919
40010,2019,1,22,1976
40010,2019,1,23,1999
40010,2019,1,24,1923
40010,2019,1,25,1454
40010,2019,1,26,522
40010,2019,1,27,394
40010,2019,1,28,1798
40010,2019,1,29,1573
40010,2019,1,30,255
40010,2019,1,31,562
40010,2019,2,1,1741
40010,2019,2,2,642
40010,2019,2,3,485
40010,2019,2,4,1978
40010,2019,2,5,2035
40010,2019,2,6,1976
40010,2019,2,7,1949
40010,2019,2,8,1715
40010,2019,2,9,644
40010,2019,2,10,501
40010,2019,2,11,1916
40010,2019,2,12,1905
40010,2019,2,13,1937
40010,2019,2,14,1996
40010,2019,2,15,1717
40010,2019,2,16,645
40010,2019,2,17,444
40010,2019,2,18,1341
40010,2019,2,19,1941
40010,2019,2,20,1887
40010,2019,2,21,2225
40010,2019,2,22,1830
40010,2019,2,23,662
40010,2019,2,24,457
40010,2019,2,25,1838
40010,2019,2,26,1855
40010,2019,2,27,1908
40010,2019,2,28,1926
40010,2019,3,1,1780
40010,2019,3,2,618
40010,2019,3,3,492
40010,2019,3,4,1704
40010,2019,3,5,1838
40010,2019,3,6,1876
40010,2019,3,7,1905
40010,2019,3,8,1712
40010,2019,3,9,609
40010,2019,3,10,492
40010,2019,3,11,1826
40010,2019,3,12,2045
40010,2019,3,13,1922
40010,2019,3,14,1948
40010,2019,3,15,1760
40010,2019,3,16,896
40010,2019,3,17,567
40010,2019,3,18,1834
40010,2019,3,19,1956
40010,2019,3,20,1868
40010,2019,3,21,1900
40010,2019,3,22,1804
40010,2019,3,23,713
40010,2019,3,24,509
40010,2019,3,25,1681
40010,2019,3,26,1669
40010,2019,3,27,1726
40010,2019,3,28,1778
40010,2019,3,29,1589
40010,2019,3,30,642
40010,2019,3,31,487
40010,2019,5,1,1971
40010,2019,5,2,1929
40010,2019,5,3,1939
40010,2019,5,4,798
40010,2019,5,5,624
40010,2019,5,6,1920
40010,2019,5,7,1907
40010,2019,5,8,1965
40010,2019,5,9,1956
40010,2019,5,10,1822
40010,2019,5,11,772
40010,2019,5,12,563
40010,2019,5,13,1813
40010,2019,5,14,1947
40010,2019,5,15,1979
40010,2019,5,16,1943
40010,2019,5,17,1761
40010,2019,5,18,787
40010,2019,5,19,566
40010,2019,5,20,1818
40010,2019,5,21,1923
40010,2019,5,22,1964
40010,2019,5,23,2013
40010,2019,5,24,1818
40010,2019,5,25,865
40010,2019,5,26,622
40010,2019,5,27,546
40010,2019,5,28,1856
40010,2019,5,29,1937
40010,2019,5,30,1974
40010,2019,5,31,1838
40010,2019,4,1,1875
40010,2019,4,2,1892
40010,2019,4,3,2004
40010,2019,4,4,1947
40010,2019,4,5,1772
40010,2019,4,6,798
40010,2019,4,7,550
40010,2019,4,8,1991
40010,2019,4,9,2060
40010,2019,4,10,1934
40010,2019,4,11,2009
40010,2019,4,12,1868
40010,2019,4,13,830
40010,2019,4,14,429
40010,2019,4,15,1833
40010,2019,4,16,1953
40010,2019,4,17,1927
40010,2019,4,18,1847
40010,2019,4,19,1532
40010,2019,4,20,735
40010,2019,4,21,543
40010,2019,4,22,1845
40010,2019,4,23,1969
40010,2019,4,24,1996
40010,2019,4,25,2070
40010,2019,4,26,1851
40010,2019,4,27,620
40010,2019,4,28,550
40010,2019,4,29,1714
40010,2019,4,30,1914
40010,2019,6,1,771
40010,2019,6,2,623
40010,2019,6,3,1867
40010,2019,6,4,1954
40010,2019,6,5,1949
40010,2019,6,6,1922
40010,2019,6,7,1805
40010,2019,6,8,896
40010,2019,6,9,626
40010,2019,6,10,1830
40010,2019,6,11,2002
40010,2019,6,12,1872
40010,2019,6,13,1866
40010,2019,6,14,1894
40010,2019,6,15,823
40010,2019,6,16,630
40010,2019,6,17,1749
40010,2019,6,18,1961
40010,2019,6,19,1919
40010,2019,6,20,1892
40010,2019,6,21,1804
40010,2019,6,22,878
40010,2019,6,23,669
40010,2019,6,24,1811
40010,2019,6,25,2027
40010,2019,6,26,2094
40010,2019,6,27,1952
40010,2019,6,28,1826
40010,2019,6,29,912
40010,2019,6,30,899
40010,2019,7,1,1870
40010,2019,7,2,1887
40010,2019,7,3,1815
40010,2019,7,4,770
40010,2019,7,5,1244
40010,2019,7,6,783
40010,2019,7,7,657
40010,2019,7,8,1844
40010,2019,7,9,1980
40010,2019,7,10,1916
40010,2019,7,11,1986
40010,2019,7,12,1907
40010,2019,7,13,1091
40010,2019,7,14,803
40010,2019,7,15,1835
40010,2019,7,16,1889
40010,2019,7,17,1888
40010,2019,7,18,1788
40010,2019,7,19,1712
40010,2019,7,20,778
40010,2019,7,21,617
40010,2019,7,22,2087
40010,2019,7,23,1891
40010,2019,7,24,1879
40010,2019,7,25,1885
40010,2019,7,26,1777
40010,2019,7,27,959
40010,2019,7,28,680
40010,2019,7,29,1648
40010,2019,7,30,1895
40010,2019,7,31,1866
40010,2019,8,1,1950
40010,2019,8,2,1909
40010,2019,8,3,971
40010,2019,8,4,816
40010,2019,8,5,1710
40010,2019,8,6,1839
40010,2019,8,7,1893
40010,2019,8,8,1871
40010,2019,8,9,1734
40010,2019,8,10,823
40010,2019,8,11,638
40010,2019,8,12,1707
40010,2019,8,13,1788
40010,2019,8,14,1825
40010,2019,8,15,1825
40010,2019,8,16,1773
40010,2019,8,17,794
40010,2019,8,18,562
40010,2019,8,19,1738
40010,2019,8,20,1724
40010,2019,8,21,1794
40010,2019,8,22,1878
40010,2019,8,23,1761
40010,2019,8,24,891
40010,2019,8,25,720
40010,2019,8,26,1811
40010,2019,8,27,2033
40010,2019,8,28,2041
40010,2019,8,29,2082
40010,2019,8,30,1887
40010,2019,8,31,829
40010,2019,9,1,675
40010,2019,9,2,654
40010,2019,9,3,1982
40010,2019,9,4,2058
40010,2019,9,5,2108
40010,2019,9,6,1981
40010,2019,9,7,861
40010,2019,9,8,651
40010,2019,9,9,2009
40010,2019,9,10,2120
40010,2019,9,11,2065
40010,2019,9,12,2048
40010,2019,9,13,1909
40010,2019,9,14,814
40010,2019,9,15,580
40010,2019,9,16,2052
40010,2019,9,17,2139
40010,2019,9,18,2178
40010,2019,9,19,2162
40010,2019,9,20,1990
40010,2019,9,21,872
40010,2019,9,22,520
40010,2019,9,23,1997
40010,2019,9,24,2126
40010,2019,9,25,2060
40010,2019,9,26,2140
40010,2019,9,27,1835
40010,2019,9,28,802
40010,2019,9,29,592
40010,2019,9,30,2006
40010,2019,10,1,2142
40010,2019,10,2,2022
40010,2019,10,3,2086
40010,2019,10,4,1965
40010,2019,10,5,872
40010,2019,10,6,684
40010,2019,10,7,2066
40010,2019,10,8,2073
40010,2019,10,9,2048
40010,2019,10,10,2093
40010,2019,10,11,1909
40010,2019,10,12,835
40010,2019,10,13,790
40010,2019,10,14,1730
40010,2019,10,15,2063
40010,2019,10,16,2085
40010,2019,10,17,1997
40010,2019,10,18,1925
40010,2019,10,19,897
40010,2019,10,20,702
40010,2019,10,21,1915
40010,2019,10,22,2050
40010,2019,10,23,2054
40010,2019,10,24,2021
40010,2019,10,25,1833
40010,2019,10,26,751
40010,2019,10,27,596
40010,2019,10,28,2043
40010,2019,10,29,2050
40010,2019,10,30,1874
40010,2019,10,31,1731
40010,2019,11,1,1735
40010,2019,11,2,689
40010,2019,11,3,555
40010,2019,11,4,1958
40010,2019,11,5,1989
40010,2019,11,6,2000
40010,2019,11,7,1986
40010,2019,11,8,1792
40010,2019,11,9,669
40010,2019,11,10,532
40010,2019,11,11,1569
40010,2019,11,12,1847
40010,2019,11,13,1791
40010,2019,11,14,1858
40010,2019,11,15,1771
40010,2019,11,16,699
40010,2019,11,17,511
40010,2019,11,18,1826
40010,2019,11,19,1910
40010,2019,11,20,1983
40010,2019,11,21,1896
40010,2019,11,22,1878
40010,2019,11,23,814
40010,2019,11,24,567
40010,2019,11,25,1892
40010,2019,11,26,1901
40010,2019,11,27,1414
40010,2019,11,28,508
40010,2019,11,29,863
40010,2019,11,30,639
40010,2019,12,1,505
40010,2019,12,2,1902
40010,2019,12,3,1924
40010,2019,12,4,1891
40010,2019,12,5,1876
40010,2019,12,6,1821
40010,2019,12,7,684
40010,2019,12,8,504
40010,2019,12,9,1784
40010,2019,12,10,1734
40010,2019,12,11,1732
40010,2019,12,12,1805
40010,2019,12,13,1796
40010,2019,12,14,813
40010,2019,12,15,529
40010,2019,12,16,1578
40010,2019,12,17,1728
40010,2019,12,18,1655
40010,2019,12,19,1622
40010,2019,12,20,1559
40010,2019,12,21,734
40010,2019,12,22,546
40010,2019,12,23,1319
40010,2019,12,24,797
40010,2019,12,25,371
40010,2019,12,26,1057
40010,2019,12,27,1141
40010,2019,12,28,592
40010,2019,12,29,492
40010,2019,12,30,1112
40010,2019,12,31,998
40080,2019,1,1,1839
40080,2019,1,2,3879
40080,2019,1,3,4217
40080,2019,1,4,4422
40080,2019,1,5,2714
40080,2019,1,6,2002
40080,2019,1,7,4596
40080,2019,1,8,4962
40080,2019,1,9,4830
40080,2019,1,10,4899
40080,2019,1,11,4753
40080,2019,1,12,2663
40080,2019,1,13,1968
40080,2019,1,14,4846
40080,2019,1,15,4754
40080,2019,1,16,4951
40080,2019,1,17,4923
40080,2019,1,18,4780
40080,2019,1,19,2481
40080,2019,1,20,1735
40080,2019,1,21,2908
40080,2019,1,22,4769
40080,2019,1,23,5016
40080,2019,1,24,4909
40080,2019,1,25,4095
40080,2019,1,26,2532
40080,2019,1,27,1761
40080,2019,1,28,4941
40080,2019,1,29,4112
40080,2019,1,30,537
40080,2019,1,31,1629
40080,2019,2,1,4663
40080,2019,2,2,2855
40080,2019,2,3,2012
40080,2019,2,4,4832
40080,2019,2,5,4974
40080,2019,2,6,4976
40080,2019,2,7,5083
40080,2019,2,8,4494
40080,2019,2,9,2722
40080,2019,2,10,1866
40080,2019,2,11,4755
40080,2019,2,12,4963
40080,2019,2,13,4973
40080,2019,2,14,5117
40080,2019,2,15,4745
40080,2019,2,16,2765
40080,2019,2,17,1973
40080,2019,2,18,3733
40080,2019,2,19,4912
40080,2019,2,20,4946
40080,2019,2,21,5005
40080,2019,2,22,4829
40080,2019,2,23,2625
40080,2019,2,24,1832
40080,2019,2,25,4626
40080,2019,2,26,4899
40080,2019,2,27,4875
40080,2019,2,28,4953
40080,2019,3,1,4619
40080,2019,3,2,2744
40080,2019,3,3,1903
40080,2019,3,4,4226
40080,2019,3,5,4645
40080,2019,3,6,4704
40080,2019,3,7,4800
40080,2019,3,8,4721
40080,2019,3,9,2995
40080,2019,3,10,2254
40080,2019,3,11,4946
40080,2019,3,12,5168
40080,2019,3,13,5073
40080,2019,3,14,5182
40080,2019,3,15,5160
40080,2019,3,16,4820
40080,2019,3,17,2570
40080,2019,3,18,4979
40080,2019,3,19,5188
40080,2019,3,20,4943
40080,2019,3,21,5099
40080,2019,3,22,4903
40080,2019,3,23,3139
40080,2019,3,24,2205
40080,2019,3,25,4694
40080,2019,3,26,4834
40080,2019,3,27,4756
40080,2019,3,28,4879
40080,2019,3,29,4769
40080,2019,3,30,2999
40080,2019,3,31,2462
40080,2019,4,1,4979
40080,2019,4,2,5026
40080,2019,4,3,5109
40080,2019,4,4,4979
40080,2019,4,5,4681
40080,2019,4,6,3070
40080,2019,4,7,2074
40080,2019,4,8,5135
40080,2019,4,9,4927
40080,2019,4,10,4782
40080,2019,4,11,4966
40080,2019,4,12,4791
40080,2019,4,13,3152
40080,2019,4,14,1551
40080,2019,4,15,4470
40080,2019,4,16,4612
40080,2019,4,17,4707
40080,2019,4,18,4590
40080,2019,4,19,4138
40080,2019,4,20,2850
40080,2019,4,21,2016
40080,2019,4,22,4418
40080,2019,4,23,4931
40080,2019,4,24,5094
40080,2019,4,25,5302
40080,2019,4,26,4777
40080,2019,4,27,2514
40080,2019,4,28,2141
40080,2019,4,29,4357
40080,2019,4,30,4675
40080,2019,5,1,4767
40080,2019,5,2,4818
40080,2019,5,3,5093
40080,2019,5,4,3272
40080,2019,5,5,2372
40080,2019,5,6,4944
40080,2019,5,7,5064
40080,2019,5,8,5003
40080,2019,5,9,4997
40080,2019,5,10,5126
40080,2019,5,11,2890
40080,2019,5,12,2016
40080,2019,5,13,4657
40080,2019,5,14,4788
40080,2019,5,15,4840
40080,2019,5,16,4838
40080,2019,5,17,4676
40080,2019,5,18,2965
40080,2019,5,19,2186
40080,2019,5,20,4819
40080,2019,5,21,4893
40080,2019,5,22,5244
40080,2019,5,23,5259
40080,2019,5,24,4739
40080,2019,5,25,3153
40080,2019,5,26,2624
40080,2019,5,27,1669
40080,2019,5,28,4638
40080,2019,5,29,4829
40080,2019,5,30,4895
40080,2019,5,31,4800
40080,2019,6,1,2924
40080,2019,6,2,2319
40080,2019,6,3,4823
40080,2019,6,4,5071
40080,2019,6,5,5152
40080,2019,6,6,5276
40080,2019,6,7,5209
40080,2019,6,8,3760
40080,2019,6,9,2688
40080,2019,6,10,4731
40080,2019,6,11,4922
40080,2019,6,12,4605
40080,2019,6,13,5024
40080,2019,6,14,5088
40080,2019,6,15,3287
40080,2019,6,16,2239
40080,2019,6,17,4525
40080,2019,6,18,5247
40080,2019,6,19,4834
40080,2019,6,20,5019
40080,2019,6,21,5184
40080,2019,6,22,3999
40080,2019,6,23,2783
40080,2019,6,24,4644
40080,2019,6,25,5089
40080,2019,6,26,4927
40080,2019,6,27,5172
40080,2019,6,28,4619
40080,2019,6,29,3315
40080,2019,6,30,8936
40080,2019,7,1,4366
40080,2019,7,2,4543
40080,2019,7,3,4557
40080,2019,7,4,2376
40080,2019,7,5,3122
40080,2019,7,6,2682
40080,2019,7,7,2109
40080,2019,7,8,4388
40080,2019,7,9,4613
40080,2019,7,10,4585
40080,2019,7,11,4764
40080,2019,7,12,4969
40080,2019,7,13,3519
40080,2019,7,14,2711
40080,2019,7,15,4698
40080,2019,7,16,4960
40080,2019,7,17,4870
40080,2019,7,18,4466
40080,2019,7,19,4562
40080,2019,7,20,3071
40080,2019,7,21,2603
40080,2019,7,22,4622
40080,2019,7,23,4578
40080,2019,7,24,4681
40080,2019,7,25,4570
40080,2019,7,26,4512
40080,2019,7,27,3002
40080,2019,7,28,2319
40080,2019,7,29,4258
40080,2019,7,30,4596
40080,2019,7,31,4635
40080,2019,8,1,5082
40080,2019,8,2,5435
40080,2019,8,3,3904
40080,2019,8,4,3015
40080,2019,8,5,4835
40080,2019,8,6,4972
40080,2019,8,7,5051
40080,2019,8,8,4624
40080,2019,8,9,4706
40080,2019,8,10,3275
40080,2019,8,11,2401
40080,2019,8,12,4205
40080,2019,8,13,4466
40080,2019,8,14,4523
40080,2019,8,15,4594
40080,2019,8,16,4397
40080,2019,8,17,3165
40080,2019,8,18,2251
40080,2019,8,19,4368
40080,2019,8,20,4652
40080,2019,8,21,4799
40080,2019,8,22,4974
40080,2019,8,23,4772
40080,2019,8,24,3443
40080,2019,8,25,2671
40080,2019,8,26,4389
40080,2019,8,27,4742
40080,2019,8,28,4701
40080,2019,8,29,4800
40080,2019,8,30,4583
40080,2019,8,31,3114
40080,2019,9,1,2693
40080,2019,9,2,2349
40080,2019,9,3,4864
40080,2019,9,4,4979
40080,2019,9,5,5235
40080,2019,9,6,4852
40080,2019,9,7,3081
40080,2019,9,8,2283
40080,2019,9,9,4931
40080,2019,9,10,5015
40080,2019,9,11,5210
40080,2019,9,12,5376
40080,2019,9,13,5358
40080,2019,9,14,3927
40080,2019,9,15,2726
40080,2019,9,16,5231
40080,2019,9,17,5379
40080,2019,9,18,5504
40080,2019,9,19,5608
40080,2019,9,20,5446
40080,2019,9,21,3566
40080,2019,9,22,2337
40080,2019,9,23,5244
40080,2019,9,24,5239
40080,2019,9,25,5345
40080,2019,9,26,5264
40080,2019,9,27,4660
40080,2019,9,28,3198
40080,2019,9,29,2343
40080,2019,9,30,4973
40080,2019,10,1,5215
40080,2019,10,2,5243
40080,2019,10,3,5396
40080,2019,10,4,4960
40080,2019,10,5,3053
40080,2019,10,6,2258
40080,2019,10,7,5012
40080,2019,10,8,5307
40080,2019,10,9,5181
40080,2019,10,10,5369
40080,2019,10,11,4873
40080,2019,10,12,3450
40080,2019,10,13,4756
40080,2019,10,14,4638
40080,2019,10,15,5222
40080,2019,10,16,5106
40080,2019,10,17,5266
40080,2019,10,18,5180
40080,2019,10,19,3512
40080,2019,10,20,2504
40080,2019,10,21,4812
40080,2019,10,22,5219
40080,2019,10,23,5316
40080,2019,10,24,5062
40080,2019,10,25,4993
40080,2019,10,26,2777
40080,2019,10,27,2575
40080,2019,10,28,4928
40080,2019,10,29,5150
40080,2019,10,30,4894
40080,2019,10,31,4819
40080,2019,11,1,4937
40080,2019,11,2,3020
40080,2019,11,3,2441
40080,2019,11,4,5017
40080,2019,11,5,5199
40080,2019,11,6,5101
40080,2019,11,7,5186
40080,2019,11,8,4668
40080,2019,11,9,3180
40080,2019,11,10,2161
40080,2019,11,11,4291
40080,2019,11,12,4886
40080,2019,11,13,4894
40080,2019,11,14,5170
40080,2019,11,15,4949
40080,2019,11,16,3210
40080,2019,11,17,2031
40080,2019,11,18,4863
40080,2019,11,19,4979
40080,2019,11,20,5101
40080,2019,11,21,5187
40080,2019,11,22,5007
40080,2019,11,23,3485
40080,2019,11,24,2147
40080,2019,11,25,4696
40080,2019,11,26,4561
40080,2019,11,27,3484
40080,2019,11,28,1193
40080,2019,11,29,2099
40080,2019,11,30,1885
40080,2019,12,1,1568
40080,2019,12,2,4527
40080,2019,12,3,4909
40080,2019,12,4,4886
40080,2019,12,5,5004
40080,2019,12,6,4923
40080,2019,12,7,3119
40080,2019,12,8,2160
40080,2019,12,9,4577
40080,2019,12,10,4624
40080,2019,12,11,4729
40080,2019,12,12,4897
40080,2019,12,13,4717
40080,2019,12,14,2822
40080,2019,12,15,1842
40080,2019,12,16,4405
40080,2019,12,17,4642
40080,2019,12,18,4317
40080,2019,12,19,4493
40080,2019,12,20,4175
40080,2019,12,21,2555
40080,2019,12,22,1833
40080,2019,12,23,2774
40080,2019,12,24,1800
40080,2019,12,25,753
40080,2019,12,26,2065
40080,2019,12,27,2518
40080,2019,12,28,1956
40080,2019,12,29,1695
40080,2019,12,30,3044
40080,2019,12,31,3125
40770,2019,1,1,2724
40770,2019,1,2,2434
40770,2019,1,3,2654
40770,2019,1,4,2777
40770,2019,1,5,1981
40770,2019,1,6,1445
40770,2019,1,7,2720
40770,2019,1,8,3032
40770,2019,1,9,2933
40770,2019,1,10,2960
40770,2019,1,11,2998
40770,2019,1,12,1996
40770,2019,1,13,1410
40770,2019,1,14,2910
40770,2019,1,15,3074
40770,2019,1,16,3119
40770,2019,1,17,3040
40770,2019,1,18,2990
40770,2019,1,19,2252
40770,2019,1,20,1543
40770,2019,1,21,1868
40770,2019,1,22,2971
40770,2019,1,23,3052
40770,2019,1,24,2874
40770,2019,1,25,2565
40770,2019,1,26,2165
40770,2019,1,27,1353
40770,2019,1,28,2800
40770,2019,1,29,2469
40770,2019,1,30,490
40770,2019,1,31,1333
40770,2019,2,1,2819
40770,2019,2,2,2094
40770,2019,2,3,1467
40770,2019,2,4,2922
40770,2019,2,5,3627
40770,2019,2,6,3139
40770,2019,2,7,3011
40770,2019,2,8,3059
40770,2019,2,9,2603
40770,2019,2,10,1452
40770,2019,2,11,2942
40770,2019,2,12,2990
40770,2019,2,13,3049
40770,2019,2,14,3086
40770,2019,2,15,2929
40770,2019,2,16,2429
40770,2019,2,17,1624
40770,2019,2,18,2256
40770,2019,2,19,3086
40770,2019,2,20,3043
40770,2019,2,21,3143
40770,2019,2,22,3389
40770,2019,2,23,1865
40770,2019,2,24,1430
40770,2019,2,25,2828
40770,2019,2,26,2957
40770,2019,2,27,2964
40770,2019,2,28,2966
40770,2019,3,1,3080
40770,2019,3,2,2218
40770,2019,3,3,1754
40770,2019,3,4,2591
40770,2019,3,5,2887
40770,2019,3,6,3664
40770,2019,3,7,2893
40770,2019,3,8,3107
40770,2019,3,9,2335
40770,2019,3,10,1466
40770,2019,3,11,2835
40770,2019,3,12,3302
40770,2019,3,13,2958
40770,2019,3,14,2969
40770,2019,3,15,2911
40770,2019,3,16,2581
40770,2019,3,17,1795
40770,2019,3,18,2778
40770,2019,3,19,3330
40770,2019,3,20,3242
40770,2019,3,21,2928
40770,2019,3,22,3242
40770,2019,3,23,2152
40770,2019,3,24,1593
40770,2019,3,25,2838
40770,2019,3,26,2957
40770,2019,3,27,2842
40770,2019,3,28,2874
40770,2019,3,29,2925
40770,2019,3,30,2058
40770,2019,3,31,1617
40770,2019,4,1,2925
40770,2019,4,2,3015
40770,2019,4,3,3039
40770,2019,4,4,2939
40770,2019,4,5,2973
40770,2019,4,6,2282
40770,2019,4,7,1637
40770,2019,4,8,2883
40770,2019,4,9,2968
40770,2019,4,10,2953
40770,2019,4,11,3041
40770,2019,4,12,3076
40770,2019,4,13,2423
40770,2019,4,14,1291
40770,2019,4,15,2832
40770,2019,4,16,2872
40770,2019,4,17,2787
40770,2019,4,18,2841
40770,2019,4,19,2689
40770,2019,4,20,2016
40770,2019,4,21,1527
40770,2019,4,22,2779
40770,2019,4,23,3028
40770,2019,4,24,3012
40770,2019,4,25,3012
40770,2019,4,26,2991
40770,2019,4,27,2107
40770,2019,4,28,2018
40770,2019,4,29,2766
40770,2019,4,30,2922
40770,2019,5,1,3051
40770,2019,5,2,3809
40770,2019,5,3,3516
40770,2019,5,4,2882
40770,2019,5,5,1758
40770,2019,5,6,3081
40770,2019,5,7,3256
40770,2019,5,8,3076
40770,2019,5,9,2997
40770,2019,5,10,3045
40770,2019,5,11,2144
40770,2019,5,12,1322
40770,2019,5,13,2860
40770,2019,5,14,3009
40770,2019,5,15,3355
40770,2019,5,16,2987
40770,2019,5,17,2972
40770,2019,5,18,2477
40770,2019,5,19,1786
40770,2019,5,20,3048
40770,2019,5,21,2975
40770,2019,5,22,3093
40770,2019,5,23,3167
40770,2019,5,24,2896
40770,2019,5,25,2290
40770,2019,5,26,1747
40770,2019,5,27,1333
40770,2019,5,28,3704
40770,2019,5,29,2995
40770,2019,5,30,3305
40770,2019,5,31,3105
40770,2019,6,1,2685
40770,2019,6,2,1683
40770,2019,6,3,2879
40770,2019,6,4,3018
40770,2019,6,5,3072
40770,2019,6,6,3102
40770,2019,6,7,3057
40770,2019,6,8,2684
40770,2019,6,9,1717
40770,2019,6,10,2898
40770,2019,6,11,3274
40770,2019,6,12,2956
40770,2019,6,13,3089
40770,2019,6,14,3096
40770,2019,6,15,2461
40770,2019,6,16,1638
40770,2019,6,17,2919
40770,2019,6,18,3069
40770,2019,6,19,2976
40770,2019,6,20,2962
40770,2019,6,21,2971
40770,2019,6,22,2343
40770,2019,6,23,1711
40770,2019,6,24,2857
40770,2019,6,25,3030
40770,2019,6,26,3043
40770,2019,6,27,2901
40770,2019,6,28,2862
40770,2019,6,29,2237
40770,2019,6,30,2465
40770,2019,7,1,2859
40770,2019,7,2,2969
40770,2019,7,3,3022
40770,2019,7,4,2568
40770,2019,7,5,2894
40770,2019,7,6,2729
40770,2019,7,7,1555
40770,2019,7,8,2822
40770,2019,7,9,2945
40770,2019,7,10,2941
40770,2019,7,11,3040
40770,2019,7,12,2989
40770,2019,7,13,2200
40770,2019,7,14,1633
40770,2019,7,15,2757
40770,2019,7,16,2947
40770,2019,7,17,2966
40770,2019,7,18,2782
40770,2019,7,19,2812
40770,2019,7,20,2028
40770,2019,7,21,1587
40770,2019,7,22,2832
40770,2019,7,23,3077
40770,2019,7,24,3353
40770,2019,7,25,3000
40770,2019,7,26,2782
40770,2019,7,27,2132
40770,2019,7,28,1509
40770,2019,7,29,2650
40770,2019,7,30,2791
40770,2019,7,31,2868
40770,2019,8,1,2991
40770,2019,8,2,2958
40770,2019,8,3,2429
40770,2019,8,4,1869
40770,2019,8,5,2830
40770,2019,8,6,2876
40770,2019,8,7,2867
40770,2019,8,8,3158
40770,2019,8,9,3090
40770,2019,8,10,2441
40770,2019,8,11,2441
40770,2019,8,12,2929
40770,2019,8,13,2809
40770,2019,8,14,3169
40770,2019,8,15,2787
40770,2019,8,16,3088
40770,2019,8,17,2063
40770,2019,8,18,1546
40770,2019,8,19,2612
40770,2019,8,20,2685
40770,2019,8,21,2789
40770,2019,8,22,2766
40770,2019,8,23,3001
40770,2019,8,24,3081
40770,2019,8,25,1739
40770,2019,8,26,2756
40770,2019,8,27,2901
40770,2019,8,28,2862
40770,2019,8,29,2851
40770,2019,8,30,2906
40770,2019,8,31,2166
40770,2019,9,1,1730
40770,2019,9,2,1602
40770,2019,9,3,2952
40770,2019,9,4,2956
40770,2019,9,5,3037
40770,2019,9,6,3018
40770,2019,9,7,2137
40770,2019,9,8,1533
40770,2019,9,9,2866
40770,2019,9,10,3108
40770,2019,9,11,2956
40770,2019,9,12,3020
40770,2019,9,13,4087
40770,2019,9,14,2450
40770,2019,9,15,2283
40770,2019,9,16,3099
40770,2019,9,17,3293
40770,2019,9,18,3338
40770,2019,9,19,3156
40770,2019,9,20,3732
40770,2019,9,21,2697
40770,2019,9,22,2087
40770,2019,9,23,3562
40770,2019,9,24,3087
40770,2019,9,25,3219
40770,2019,9,26,2965
40770,2019,9,27,4047
40770,2019,9,28,3278
40770,2019,9,29,2544
40770,2019,9,30,3170
40770,2019,10,1,3064
40770,2019,10,2,3022
40770,2019,10,3,3070
40770,2019,10,4,3064
40770,2019,10,5,2650
40770,2019,10,6,1642
40770,2019,10,7,3009
40770,2019,10,8,2975
40770,2019,10,9,2945
40770,2019,10,10,3009
40770,2019,10,11,2986
40770,2019,10,12,2743
40770,2019,10,13,2516
40770,2019,10,14,2655
40770,2019,10,15,2982
40770,2019,10,16,3057
40770,2019,10,17,3027
40770,2019,10,18,3618
40770,2019,10,19,2905
40770,2019,10,20,2000
40770,2019,10,21,2885
40770,2019,10,22,3299
40770,2019,10,23,3146
40770,2019,10,24,2917
40770,2019,10,25,3252
40770,2019,10,26,2418
40770,2019,10,27,1779
40770,2019,10,28,2844
40770,2019,10,29,2813
40770,2019,10,30,2811
40770,2019,10,31,2757
40770,2019,11,1,3622
40770,2019,11,2,2942
40770,2019,11,3,1840
40770,2019,11,4,2884
40770,2019,11,5,2998
40770,2019,11,6,2994
40770,2019,11,7,2977
40770,2019,11,8,3589
40770,2019,11,9,2400
40770,2019,11,10,1826
40770,2019,11,11,2621
40770,2019,11,12,2968
40770,2019,11,13,2826
40770,2019,11,14,3146
40770,2019,11,15,3458
40770,2019,11,16,2858
40770,2019,11,17,1834
40770,2019,11,18,2963
40770,2019,11,19,2979
40770,2019,11,20,2883
40770,2019,11,21,3336
40770,2019,11,22,3251
40770,2019,11,23,2564
40770,2019,11,24,1959
40770,2019,11,25,2808
40770,2019,11,26,2901
40770,2019,11,27,2723
40770,2019,11,28,1017
40770,2019,11,29,2007
40770,2019,11,30,2183
40770,2019,12,1,1708
40770,2019,12,2,2743
40770,2019,12,3,2904
40770,2019,12,4,3060
40770,2019,12,5,2870
40770,2019,12,6,3725
40770,2019,12,7,2232
40770,2019,12,8,1621
40770,2019,12,9,2687
40770,2019,12,10,2878
40770,2019,12,11,3305
40770,2019,12,12,3704
40770,2019,12,13,3415
40770,2019,12,14,2026
40770,2019,12,15,1160
40770,2019,12,16,2490
40770,2019,12,17,2726
40770,2019,12,18,2484
40770,2019,12,19,2581
40770,2019,12,20,2609
40770,2019,12,21,2144
40770,2019,12,22,1588
40770,2019,12,23,2047
40770,2019,12,24,1485
40770,2019,12,25,747
40770,2019,12,26,1620
40770,2019,12,27,1981
40770,2019,12,28,1805
40770,2019,12,29,1438
40770,2019,12,30,2017
40770,2019,12,31,2712
40120,2019,1,1,754
40120,2019,1,2,2166
40120,2019,1,3,2416
40120,2019,1,4,2554
40120,2019,1,5,1328
40120,2019,1,6,950
40120,2019,1,7,2641
40120,2019,1,8,2822
40120,2019,1,9,2727
40120,2019,1,10,2777
40120,2019,1,11,2716
40120,2019,1,12,1106
40120,2019,1,13,774
40120,2019,1,14,2925
40120,2019,1,15,3064
40120,2019,1,16,3102
40120,2019,1,17,3167
40120,2019,1,18,2810
40120,2019,1,19,1054
40120,2019,1,20,773
40120,2019,1,21,1538
40120,2019,1,22,2950
40120,2019,1,23,2979
40120,2019,1,24,2980
40120,2019,1,25,2228
40120,2019,1,26,1019
40120,2019,1,27,706
40120,2019,1,28,2672
40120,2019,1,29,2351
40120,2019,1,30,356
40120,2019,1,31,875
40120,2019,2,1,2443
40120,2019,2,2,1183
40120,2019,2,3,775
40120,2019,2,4,2953
40120,2019,2,5,3071
40120,2019,2,6,3050
40120,2019,2,7,3057
40120,2019,2,8,2567
40120,2019,2,9,1188
40120,2019,2,10,835
40120,2019,2,11,2924
40120,2019,2,12,2905
40120,2019,2,13,3006
40120,2019,2,14,3191
40120,2019,2,15,2783
40120,2019,2,16,1231
40120,2019,2,17,803
40120,2019,2,18,1902
40120,2019,2,19,3091
40120,2019,2,20,3014
40120,2019,2,21,3169
40120,2019,2,22,2926
40120,2019,2,23,1235
40120,2019,2,24,788
40120,2019,2,25,2786
40120,2019,2,26,3003
40120,2019,2,27,3009
40120,2019,2,28,2943
40120,2019,3,1,2716
40120,2019,3,2,1311
40120,2019,3,3,821
40120,2019,3,4,2555
40120,2019,3,5,2962
40120,2019,3,6,2999
40120,2019,3,7,3056
40120,2019,3,8,2906
40120,2019,3,9,1223
40120,2019,3,10,814
40120,2019,3,11,2875
40120,2019,3,12,3196
40120,2019,3,13,3143
40120,2019,3,14,3140
40120,2019,3,15,2813
40120,2019,3,16,1739
40120,2019,3,17,992
40120,2019,3,18,2991
40120,2019,3,19,3232
40120,2019,3,20,3116
40120,2019,3,21,3141
40120,2019,3,22,3005
40120,2019,3,23,1437
40120,2019,3,24,937
40120,2019,3,25,2854
40120,2019,3,26,3148
40120,2019,3,27,3088
40120,2019,3,28,3156
40120,2019,3,29,2910
40120,2019,3,30,1340
40120,2019,3,31,934
40120,2019,4,1,3032
40120,2019,4,2,3121
40120,2019,4,3,3210
40120,2019,4,4,3159
40120,2019,4,5,2857
40120,2019,4,6,1473
40120,2019,4,7,964
40120,2019,4,8,3225
40120,2019,4,9,3229
40120,2019,4,10,3007
40120,2019,4,11,3180
40120,2019,4,12,2983
40120,2019,4,13,1423
40120,2019,4,14,703
40120,2019,4,15,2576
40120,2019,4,16,2842
40120,2019,4,17,2789
40120,2019,4,18,2625
40120,2019,4,19,2304
40120,2019,4,20,1374
40120,2019,4,21,943
40120,2019,4,22,3080
40120,2019,4,23,3182
40120,2019,4,24,3252
40120,2019,4,25,3278
40120,2019,4,26,3043
40120,2019,4,27,1174
40120,2019,4,28,988
40120,2019,4,29,2831
40120,2019,4,30,3088
40120,2019,5,1,3196
40120,2019,5,2,3107
40120,2019,5,3,3048
40120,2019,5,4,1529
40120,2019,5,5,1167
40120,2019,5,6,3166
40120,2019,5,7,3264
40120,2019,5,8,3211
40120,2019,5,9,3308
40120,2019,5,10,3005
40120,2019,5,11,1516
40120,2019,5,12,1053
40120,2019,5,13,2941
40120,2019,5,14,3175
40120,2019,5,15,3245
40120,2019,5,16,3065
40120,2019,5,17,2915
40120,2019,5,18,1450
40120,2019,5,19,1066
40120,2019,5,20,2897
40120,2019,5,21,2894
40120,2019,5,22,3170
40120,2019,5,23,3289
40120,2019,5,24,2913
40120,2019,5,25,1584
40120,2019,5,26,1101
40120,2019,5,27,976
40120,2019,5,28,2975
40120,2019,5,29,3027
40120,2019,5,30,3089
40120,2019,5,31,3243
40120,2019,6,1,1432
40120,2019,6,2,1113
40120,2019,6,3,2934
40120,2019,6,4,3093
40120,2019,6,5,3176
40120,2019,6,6,3230
40120,2019,6,7,2991
40120,2019,6,8,1629
40120,2019,6,9,1096
40120,2019,6,10,3014
40120,2019,6,11,3257
40120,2019,6,12,3091
40120,2019,6,13,3129
40120,2019,6,14,3018
40120,2019,6,15,1490
40120,2019,6,16,1124
40120,2019,6,17,2813
40120,2019,6,18,3186
40120,2019,6,19,3031
40120,2019,6,20,2640
40120,2019,6,21,2930
40120,2019,6,22,1654
40120,2019,6,23,1005
40120,2019,6,24,2759
40120,2019,6,25,3121
40120,2019,6,26,3055
40120,2019,6,27,2997
40120,2019,6,28,2961
40120,2019,6,29,1593
40120,2019,6,30,1567
40120,2019,7,1,2754
40120,2019,7,2,2861
40120,2019,7,3,2842
40120,2019,7,4,1334
40120,2019,7,5,2202
40120,2019,7,6,1526
40120,2019,7,7,1332
40120,2019,7,8,2789
40120,2019,7,9,2994
40120,2019,7,10,3059
40120,2019,7,11,3349
40120,2019,7,12,3187
40120,2019,7,13,1808
40120,2019,7,14,1487
40120,2019,7,15,2927
40120,2019,7,16,2953
40120,2019,7,17,3103
40120,2019,7,18,2791
40120,2019,7,19,2866
40120,2019,7,20,1399
40120,2019,7,21,1066
40120,2019,7,22,3136
40120,2019,7,23,3046
40120,2019,7,24,3039
40120,2019,7,25,3086
40120,2019,7,26,2935
40120,2019,7,27,1573
40120,2019,7,28,1229
40120,2019,7,29,2488
40120,2019,7,30,2829
40120,2019,7,31,2961
40120,2019,8,1,3193
40120,2019,8,2,2991
40120,2019,8,3,1754
40120,2019,8,4,1334
40120,2019,8,5,2758
40120,2019,8,6,2829
40120,2019,8,7,2909
40120,2019,8,8,2947
40120,2019,8,9,2861
40120,2019,8,10,1517
40120,2019,8,11,1066
40120,2019,8,12,2644
40120,2019,8,13,2766
40120,2019,8,14,2791
40120,2019,8,15,2951
40120,2019,8,16,2797
40120,2019,8,17,1418
40120,2019,8,18,989
40120,2019,8,19,2736
40120,2019,8,20,2759
40120,2019,8,21,2854
40120,2019,8,22,3031
40120,2019,8,23,2956
40120,2019,8,24,1576
40120,2019,8,25,1164
40120,2019,8,26,2992
40120,2019,8,27,3458
40120,2019,8,28,3329
40120,2019,8,29,3464
40120,2019,8,30,3148
40120,2019,8,31,1545
40120,2019,9,1,1131
40120,2019,9,2,1099
40120,2019,9,3,3053
40120,2019,9,4,3522
40120,2019,9,5,3668
40120,2019,9,6,3259
40120,2019,9,7,1574
40120,2019,9,8,1331
40120,2019,9,9,3370
40120,2019,9,10,3564
40120,2019,9,11,3572
40120,2019,9,12,3574
40120,2019,9,13,3260
40120,2019,9,14,1623
40120,2019,9,15,1059
40120,2019,9,16,3431
40120,2019,9,17,3602
40120,2019,9,18,3672
40120,2019,9,19,3564
40120,2019,9,20,3261
40120,2019,9,21,1562
40120,2019,9,22,1016
40120,2019,9,23,3445
40120,2019,9,24,3573
40120,2019,9,25,3651
40120,2019,9,26,3663
40120,2019,9,27,3134
40120,2019,9,28,1428
40120,2019,9,29,989
40120,2019,9,30,3465
40120,2019,10,1,3562
40120,2019,10,2,3443
40120,2019,10,3,3640
40120,2019,10,4,3262
40120,2019,10,5,1492
40120,2019,10,6,1126
40120,2019,10,7,3411
40120,2019,10,8,3546
40120,2019,10,9,3537
40120,2019,10,10,3533
40120,2019,10,11,3081
40120,2019,10,12,1550
40120,2019,10,13,1457
40120,2019,10,14,2694
40120,2019,10,15,3460
40120,2019,10,16,3500
40120,2019,10,17,3379
40120,2019,10,18,3061
40120,2019,10,19,1635
40120,2019,10,20,1108
40120,2019,10,21,3183
40120,2019,10,22,3170
40120,2019,10,23,3607
40120,2019,10,24,3456
40120,2019,10,25,3075
40120,2019,10,26,1272
40120,2019,10,27,1070
40120,2019,10,28,3261
40120,2019,10,29,3342
40120,2019,10,30,3070
40120,2019,10,31,3001
40120,2019,11,1,2896
40120,2019,11,2,1383
40120,2019,11,3,1021
40120,2019,11,4,3322
40120,2019,11,5,3402
40120,2019,11,6,3412
40120,2019,11,7,3385
40120,2019,11,8,2945
40120,2019,11,9,1392
40120,2019,11,10,984
40120,2019,11,11,2336
40120,2019,11,12,2983
40120,2019,11,13,3111
40120,2019,11,14,3067
40120,2019,11,15,3000
40120,2019,11,16,1412
40120,2019,11,17,998
40120,2019,11,18,3174
40120,2019,11,19,3238
40120,2019,11,20,3403
40120,2019,11,21,3295
40120,2019,11,22,3636
40120,2019,11,23,1843
40120,2019,11,24,1032
40120,2019,11,25,3438
40120,2019,11,26,3180
40120,2019,11,27,2614
40120,2019,11,28,717
40120,2019,11,29,1654
40120,2019,11,30,1225
40120,2019,12,1,891
40120,2019,12,2,3168
40120,2019,12,3,3171
40120,2019,12,4,3305
40120,2019,12,5,3362
40120,2019,12,6,3029
40120,2019,12,7,1539
40120,2019,12,8,999
40120,2019,12,9,3006
40120,2019,12,10,3028
40120,2019,12,11,2976
40120,2019,12,12,3117
40120,2019,12,13,2904
40120,2019,12,14,1403
40120,2019,12,15,966
40120,2019,12,16,2655
40120,2019,12,17,2854
40120,2019,12,18,2674
40120,2019,12,19,2590
40120,2019,12,20,2616
40120,2019,12,21,1466
40120,2019,12,22,1176
40120,2019,12,23,2304
40120,2019,12,24,1352
40120,2019,12,25,509
40120,2019,12,26,2020
40120,2019,12,27,2085
40120,2019,12,28,1172
40120,2019,12,29,943
40120,2019,12,30,1947
40120,2019,12,31,1680
40540,2019,1,1,2175
40540,2019,1,2,4865
40540,2019,1,3,5374
40540,2019,1,4,5502
40540,2019,1,5,3799
40540,2019,1,6,2729
40540,2019,1,7,5996
40540,2019,1,8,6303
40540,2019,1,9,6093
40540,2019,1,10,6142
40540,2019,1,11,5919
40540,2019,1,12,3696
40540,2019,1,13,3281
40540,2019,1,14,7289
40540,2019,1,15,7172
40540,2019,1,16,7172
40540,2019,1,17,7221
40540,2019,1,18,6232
40540,2019,1,19,3771
40540,2019,1,20,2629
40540,2019,1,21,3923
40540,2019,1,22,6910
40540,2019,1,23,7048
40540,2019,1,24,6845
40540,2019,1,25,5157
40540,2019,1,26,3564
40540,2019,1,27,2610
40540,2019,1,28,6781
40540,2019,1,29,5930
40540,2019,1,30,966
40540,2019,1,31,2525
40540,2019,2,1,5923
40540,2019,2,2,4163
40540,2019,2,3,2905
40540,2019,2,4,7166
40540,2019,2,5,7189
40540,2019,2,6,7130
40540,2019,2,7,7111
40540,2019,2,8,5956
40540,2019,2,9,4204
40540,2019,2,10,2876
40540,2019,2,11,7100
40540,2019,2,12,6897
40540,2019,2,13,7134
40540,2019,2,14,7307
40540,2019,2,15,6078
40540,2019,2,16,4262
40540,2019,2,17,2730
40540,2019,2,18,4690
40540,2019,2,19,7079
40540,2019,2,20,6922
40540,2019,2,21,7040
40540,2019,2,22,6338
40540,2019,2,23,3945
40540,2019,2,24,2639
40540,2019,2,25,6521
40540,2019,2,26,6694
40540,2019,2,27,6789
40540,2019,2,28,7046
40540,2019,3,1,6094
40540,2019,3,2,4061
40540,2019,3,3,2820
40540,2019,3,4,6336
40540,2019,3,5,6612
40540,2019,3,6,6883
40540,2019,3,7,6896
40540,2019,3,8,5966
40540,2019,3,9,3757
40540,2019,3,10,2769
40540,2019,3,11,6879
40540,2019,3,12,7104
40540,2019,3,13,7076
40540,2019,3,14,7059
40540,2019,3,15,6544
40540,2019,3,16,4853
40540,2019,3,17,3009
40540,2019,3,18,6891
40540,2019,3,19,6961
40540,2019,3,20,6914
40540,2019,3,21,7008
40540,2019,3,22,6249
40540,2019,3,23,4317
40540,2019,3,24,2897
40540,2019,3,25,6650
40540,2019,3,26,6758
40540,2019,3,27,6849
40540,2019,3,28,6813
40540,2019,3,29,5948
40540,2019,3,30,3963
40540,2019,3,31,2804
40540,2019,4,1,6870
40540,2019,4,2,6891
40540,2019,4,3,7117
40540,2019,4,4,6831
40540,2019,4,5,6071
40540,2019,4,6,4422
40540,2019,4,7,2852
40540,2019,4,8,7062
40540,2019,4,9,6954
40540,2019,4,10,6775
40540,2019,4,11,6965
40540,2019,4,12,6300
40540,2019,4,13,4335
40540,2019,4,14,2270
40540,2019,4,15,5735
40540,2019,4,16,5821
40540,2019,4,17,5685
40540,2019,4,18,5445
40540,2019,4,19,5434
40540,2019,4,20,3812
40540,2019,4,21,2486
40540,2019,4,22,6525
40540,2019,4,23,6901
40540,2019,4,24,6915
40540,2019,4,25,7116
40540,2019,4,26,6246
40540,2019,4,27,3618
40540,2019,4,28,2902
40540,2019,4,29,6376
40540,2019,4,30,6642
40540,2019,5,1,6931
40540,2019,5,2,6797
40540,2019,5,3,6362
40540,2019,5,4,4714
40540,2019,5,5,3167
40540,2019,5,6,6428
40540,2019,5,7,6565
40540,2019,5,8,6650
40540,2019,5,9,6701
40540,2019,5,10,6267
40540,2019,5,11,3884
40540,2019,5,12,2348
40540,2019,5,13,6283
40540,2019,5,14,6451
40540,2019,5,15,6514
40540,2019,5,16,6263
40540,2019,5,17,5716
40540,2019,5,18,4100
40540,2019,5,19,2846
40540,2019,5,20,6299
40540,2019,5,21,6237
40540,2019,5,22,6500
40540,2019,5,23,6490
40540,2019,5,24,5634
40540,2019,5,25,4064
40540,2019,5,26,3041
40540,2019,5,27,2467
40540,2019,5,28,5988
40540,2019,5,29,6261
40540,2019,5,30,6354
40540,2019,5,31,6214
40540,2019,6,1,4007
40540,2019,6,2,3158
40540,2019,6,3,6397
40540,2019,6,4,6386
40540,2019,6,5,6703
40540,2019,6,6,6641
40540,2019,6,7,6219
40540,2019,6,8,4566
40540,2019,6,9,3047
40540,2019,6,10,6472
40540,2019,6,11,6750
40540,2019,6,12,6507
40540,2019,6,13,6796
40540,2019,6,14,6200
40540,2019,6,15,4026
40540,2019,6,16,3025
40540,2019,6,17,6256
40540,2019,6,18,6859
40540,2019,6,19,6602
40540,2019,6,20,6658
40540,2019,6,21,6142
40540,2019,6,22,4344
40540,2019,6,23,2928
40540,2019,6,24,6179
40540,2019,6,25,6632
40540,2019,6,26,6438
40540,2019,6,27,6584
40540,2019,6,28,5859
40540,2019,6,29,4647
40540,2019,6,30,7431
40540,2019,7,1,6464
40540,2019,7,2,6491
40540,2019,7,3,6639
40540,2019,7,4,3515
40540,2019,7,5,4794
40540,2019,7,6,3953
40540,2019,7,7,2917
40540,2019,7,8,6351
40540,2019,7,9,6483
40540,2019,7,10,6550
40540,2019,7,11,6591
40540,2019,7,12,6309
40540,2019,7,13,4375
40540,2019,7,14,3190
40540,2019,7,15,6298
40540,2019,7,16,6570
40540,2019,7,17,6770
40540,2019,7,18,6145
40540,2019,7,19,6115
40540,2019,7,20,4068
40540,2019,7,21,3121
40540,2019,7,22,6328
40540,2019,7,23,6881
40540,2019,7,24,6796
40540,2019,7,25,6720
40540,2019,7,26,6109
40540,2019,7,27,4296
40540,2019,7,28,3045
40540,2019,7,29,5893
40540,2019,7,30,6306
40540,2019,7,31,6402
40540,2019,8,1,6633
40540,2019,8,2,6485
40540,2019,8,3,4534
40540,2019,8,4,3543
40540,2019,8,5,5848
40540,2019,8,6,6198
40540,2019,8,7,6230
40540,2019,8,8,6210
40540,2019,8,9,6345
40540,2019,8,10,4495
40540,2019,8,11,3256
40540,2019,8,12,5818
40540,2019,8,13,6110
40540,2019,8,14,6070
40540,2019,8,15,6082
40540,2019,8,16,6120
40540,2019,8,17,4120
40540,2019,8,18,3084
40540,2019,8,19,6084
40540,2019,8,20,6085
40540,2019,8,21,6308
40540,2019,8,22,6394
40540,2019,8,23,6287
40540,2019,8,24,4365
40540,2019,8,25,3758
40540,2019,8,26,6734
40540,2019,8,27,7357
40540,2019,8,28,7256
40540,2019,8,29,7052
40540,2019,8,30,6340
40540,2019,8,31,4419
40540,2019,9,1,3530
40540,2019,9,2,3239
40540,2019,9,3,7301
40540,2019,9,4,7410
40540,2019,9,5,7509
40540,2019,9,6,6714
40540,2019,9,7,4615
40540,2019,9,8,3237
40540,2019,9,9,7183
40540,2019,9,10,7444
40540,2019,9,11,7415
40540,2019,9,12,7441
40540,2019,9,13,6859
40540,2019,9,14,4796
40540,2019,9,15,3392
40540,2019,9,16,7206
40540,2019,9,17,7391
40540,2019,9,18,7435
40540,2019,9,19,7349
40540,2019,9,20,7002
40540,2019,9,21,4557
40540,2019,9,22,3080
40540,2019,9,23,7178
40540,2019,9,24,7497
40540,2019,9,25,7315
40540,2019,9,26,7249
40540,2019,9,27,6243
40540,2019,9,28,4575
40540,2019,9,29,3061
40540,2019,9,30,7056
40540,2019,10,1,7376
40540,2019,10,2,7382
40540,2019,10,3,7572
40540,2019,10,4,6671
40540,2019,10,5,4324
40540,2019,10,6,3160
40540,2019,10,7,7003
40540,2019,10,8,7369
40540,2019,10,9,7281
40540,2019,10,10,7408
40540,2019,10,11,6543
40540,2019,10,12,4744
40540,2019,10,13,3698
40540,2019,10,14,6394
40540,2019,10,15,7339
40540,2019,10,16,7314
40540,2019,10,17,7154
40540,2019,10,18,6707
40540,2019,10,19,4736
40540,2019,10,20,3343
40540,2019,10,21,6973
40540,2019,10,22,7235
40540,2019,10,23,7551
40540,2019,10,24,7214
40540,2019,10,25,6724
40540,2019,10,26,3963
40540,2019,10,27,3334
40540,2019,10,28,6972
40540,2019,10,29,7237
40540,2019,10,30,7141
40540,2019,10,31,6653
40540,2019,11,1,6571
40540,2019,11,2,4442
40540,2019,11,3,3213
40540,2019,11,4,7062
40540,2019,11,5,7206
40540,2019,11,6,7116
40540,2019,11,7,6970
40540,2019,11,8,6196
40540,2019,11,9,4276
40540,2019,11,10,3113
40540,2019,11,11,5925
40540,2019,11,12,6727
40540,2019,11,13,6763
40540,2019,11,14,6944
40540,2019,11,15,6562
40540,2019,11,16,4348
40540,2019,11,17,3086
40540,2019,11,18,6688
40540,2019,11,19,6857
40540,2019,11,20,7103
40540,2019,11,21,6742
40540,2019,11,22,6423
40540,2019,11,23,4387
40540,2019,11,24,3091
40540,2019,11,25,6776
40540,2019,11,26,6423
40540,2019,11,27,5690
40540,2019,11,28,1990
40540,2019,11,29,3596
40540,2019,11,30,3103
40540,2019,12,1,2607
40540,2019,12,2,6661
40540,2019,12,3,6857
40540,2019,12,4,7134
40540,2019,12,5,6956
40540,2019,12,6,6455
40540,2019,12,7,4281
40540,2019,12,8,3074
40540,2019,12,9,6633
40540,2019,12,10,6623
40540,2019,12,11,6662
40540,2019,12,12,6737
40540,2019,12,13,6244
40540,2019,12,14,3843
40540,2019,12,15,2620
40540,2019,12,16,5495
40540,2019,12,17,5814
40540,2019,12,18,5685
40540,2019,12,19,5754
40540,2019,12,20,5634
40540,2019,12,21,3748
40540,2019,12,22,2890
40540,2019,12,23,4570
40540,2019,12,24,3206
40540,2019,12,25,1351
40540,2019,12,26,3613
40540,2019,12,27,3914
40540,2019,12,28,3143
40540,2019,12,29,2661
40540,2019,12,30,4317
40540,2019,12,31,4355
41260,2019,1,1,570
41260,2019,1,2,1577
41260,2019,1,3,1668
41260,2019,1,4,1685
41260,2019,1,5,917
41260,2019,1,6,697
41260,2019,1,7,1716
41260,2019,1,8,1823
41260,2019,1,9,1766
41260,2019,1,10,1783
41260,2019,1,11,1799
41260,2019,1,12,789
41260,2019,1,13,593
41260,2019,1,14,1712
41260,2019,1,15,1828
41260,2019,1,16,1830
41260,2019,1,17,1817
41260,2019,1,18,1800
41260,2019,1,19,721
41260,2019,1,20,583
41260,2019,1,21,936
41260,2019,1,22,1769
41260,2019,1,23,1723
41260,2019,1,24,1738
41260,2019,1,25,1394
41260,2019,1,26,660
41260,2019,1,27,490
41260,2019,1,28,1610
41260,2019,1,29,1402
41260,2019,1,30,283
41260,2019,1,31,674
41260,2019,2,1,1636
41260,2019,2,2,850
41260,2019,2,3,564
41260,2019,2,4,1769
41260,2019,2,5,1841
41260,2019,2,6,1786
41260,2019,2,7,1808
41260,2019,2,8,1583
41260,2019,2,9,819
41260,2019,2,10,608
41260,2019,2,11,1671
41260,2019,2,12,1689
41260,2019,2,13,1736
41260,2019,2,14,1796
41260,2019,2,15,1699
41260,2019,2,16,888
41260,2019,2,17,571
41260,2019,2,18,1302
41260,2019,2,19,1778
41260,2019,2,20,1733
41260,2019,2,21,1534
41260,2019,2,22,1740
41260,2019,2,23,760
41260,2019,2,24,578
41260,2019,2,25,1663
41260,2019,2,26,1711
41260,2019,2,27,1769
41260,2019,2,28,1673
41260,2019,3,1,1763
41260,2019,3,2,833
41260,2019,3,3,585
41260,2019,3,4,1488
41260,2019,3,5,1644
41260,2019,3,6,1695
41260,2019,3,7,1753
41260,2019,3,8,1677
41260,2019,3,9,824
41260,2019,3,10,533
41260,2019,3,11,1692
41260,2019,3,12,1723
41260,2019,3,13,1715
41260,2019,3,14,1720
41260,2019,3,15,1731
41260,2019,3,16,1066
41260,2019,3,17,685
41260,2019,3,18,1674
41260,2019,3,19,1800
41260,2019,3,20,1676
41260,2019,3,21,1759
41260,2019,3,22,1696
41260,2019,3,23,939
41260,2019,3,24,620
41260,2019,3,25,1627
41260,2019,3,26,1747
41260,2019,3,27,1714
41260,2019,3,28,1668
41260,2019,3,29,1656
41260,2019,3,30,814
41260,2019,3,31,636
41260,2019,4,1,1668
41260,2019,4,2,1768
41260,2019,4,3,1761
41260,2019,4,4,1717
41260,2019,4,5,1706
41260,2019,4,6,919
41260,2019,4,7,627
41260,2019,4,8,1742
41260,2019,4,9,1766
41260,2019,4,10,1741
41260,2019,4,11,1764
41260,2019,4,12,1697
41260,2019,4,13,905
41260,2019,4,14,497
41260,2019,4,15,1616
41260,2019,4,16,1701
41260,2019,4,17,1716
41260,2019,4,18,1626
41260,2019,4,19,1600
41260,2019,4,20,952
41260,2019,4,21,661
41260,2019,4,22,1658
41260,2019,4,23,1783
41260,2019,4,24,1742
41260,2019,4,25,1813
41260,2019,4,26,1745
41260,2019,4,27,744
41260,2019,4,28,637
41260,2019,4,29,1505
41260,2019,4,30,1697
41260,2019,5,1,1754
41260,2019,5,2,1728
41260,2019,5,3,1820
41260,2019,5,4,1010
41260,2019,5,5,739
41260,2019,5,6,1672
41260,2019,5,7,1746
41260,2019,5,8,1738
41260,2019,5,9,1738
41260,2019,5,10,1818
41260,2019,5,11,906
41260,2019,5,12,654
41260,2019,5,13,1718
41260,2019,5,14,1843
41260,2019,5,15,1811
41260,2019,5,16,1804
41260,2019,5,17,1725
41260,2019,5,18,931
41260,2019,5,19,694
41260,2019,5,20,1723
41260,2019,5,21,1716
41260,2019,5,22,1810
41260,2019,5,23,1814
41260,2019,5,24,1691
41260,2019,5,25,922
41260,2019,5,26,645
41260,2019,5,27,583
41260,2019,5,28,1731
41260,2019,5,29,1817
41260,2019,5,30,1812
41260,2019,5,31,1884
41260,2019,6,1,1013
41260,2019,6,2,718
41260,2019,6,3,1721
41260,2019,6,4,1826
41260,2019,6,5,1853
41260,2019,6,6,1879
41260,2019,6,7,1810
41260,2019,6,8,1052
41260,2019,6,9,694
41260,2019,6,10,1800
41260,2019,6,11,1911
41260,2019,6,12,1782
41260,2019,6,13,1813
41260,2019,6,14,1824
41260,2019,6,15,888
41260,2019,6,16,723
41260,2019,6,17,1610
41260,2019,6,18,1833
41260,2019,6,19,1835
41260,2019,6,20,1824
41260,2019,6,21,1776
41260,2019,6,22,985
41260,2019,6,23,624
41260,2019,6,24,1692
41260,2019,6,25,1966
41260,2019,6,26,1867
41260,2019,6,27,1854
41260,2019,6,28,1850
41260,2019,6,29,1115
41260,2019,6,30,860
41260,2019,7,1,1874
41260,2019,7,2,1788
41260,2019,7,3,1853
41260,2019,7,4,918
41260,2019,7,5,1384
41260,2019,7,6,984
41260,2019,7,7,796
41260,2019,7,8,1799
41260,2019,7,9,1856
41260,2019,7,10,1922
41260,2019,7,11,1966
41260,2019,7,12,2022
41260,2019,7,13,1041
41260,2019,7,14,739
41260,2019,7,15,1807
41260,2019,7,16,1764
41260,2019,7,17,1869
41260,2019,7,18,1700
41260,2019,7,19,1771
41260,2019,7,20,937
41260,2019,7,21,731
41260,2019,7,22,1859
41260,2019,7,23,1912
41260,2019,7,24,1790
41260,2019,7,25,1850
41260,2019,7,26,1831
41260,2019,7,27,970
41260,2019,7,28,640
41260,2019,7,29,1615
41260,2019,7,30,1819
41260,2019,7,31,1826
41260,2019,8,1,1971
41260,2019,8,2,1969
41260,2019,8,3,1068
41260,2019,8,4,815
41260,2019,8,5,1847
41260,2019,8,6,1853
41260,2019,8,7,1898
41260,2019,8,8,1908
41260,2019,8,9,1809
41260,2019,8,10,993
41260,2019,8,11,781
41260,2019,8,12,1714
41260,2019,8,13,1805
41260,2019,8,14,1800
41260,2019,8,15,1845
41260,2019,8,16,1847
41260,2019,8,17,1033
41260,2019,8,18,621
41260,2019,8,19,1742
41260,2019,8,20,1746
41260,2019,8,21,1790
41260,2019,8,22,1846
41260,2019,8,23,1899
41260,2019,8,24,859
41260,2019,8,25,581
41260,2019,8,26,1612
41260,2019,8,27,1911
41260,2019,8,28,1849
41260,2019,8,29,2154
41260,2019,8,30,1788
41260,2019,8,31,983
41260,2019,9,1,702
41260,2019,9,2,719
41260,2019,9,3,1745
41260,2019,9,4,1873
41260,2019,9,5,2010
41260,2019,9,6,1872
41260,2019,9,7,939
41260,2019,9,8,642
41260,2019,9,9,1854
41260,2019,9,10,1850
41260,2019,9,11,1894
41260,2019,9,12,1944
41260,2019,9,13,1904
41260,2019,9,14,1052
41260,2019,9,15,744
41260,2019,9,16,1833
41260,2019,9,17,1868
41260,2019,9,18,1912
41260,2019,9,19,1913
41260,2019,9,20,1919
41260,2019,9,21,909
41260,2019,9,22,549
41260,2019,9,23,1848
41260,2019,9,24,1884
41260,2019,9,25,1902
41260,2019,9,26,1904
41260,2019,9,27,1717
41260,2019,9,28,944
41260,2019,9,29,522
41260,2019,9,30,1839
41260,2019,10,1,1979
41260,2019,10,2,1839
41260,2019,10,3,1943
41260,2019,10,4,1845
41260,2019,10,5,824
41260,2019,10,6,550
41260,2019,10,7,1915
41260,2019,10,8,1950
41260,2019,10,9,1905
41260,2019,10,10,1933
41260,2019,10,11,1758
41260,2019,10,12,915
41260,2019,10,13,729
41260,2019,10,14,1597
41260,2019,10,15,1890
41260,2019,10,16,1854
41260,2019,10,17,1923
41260,2019,10,18,1873
41260,2019,10,19,979
41260,2019,10,20,679
41260,2019,10,21,1782
41260,2019,10,22,1826
41260,2019,10,23,1887
41260,2019,10,24,1823
41260,2019,10,25,1696
41260,2019,10,26,796
41260,2019,10,27,667
41260,2019,10,28,1788
41260,2019,10,29,1813
41260,2019,10,30,1704
41260,2019,10,31,1627
41260,2019,11,1,1762
41260,2019,11,2,822
41260,2019,11,3,649
41260,2019,11,4,1837
41260,2019,11,5,1840
41260,2019,11,6,1827
41260,2019,11,7,1829
41260,2019,11,8,1654
41260,2019,11,9,866
41260,2019,11,10,612
41260,2019,11,11,1434
41260,2019,11,12,1749
41260,2019,11,13,1734
41260,2019,11,14,1729
41260,2019,11,15,1706
41260,2019,11,16,889
41260,2019,11,17,574
41260,2019,11,18,1688
41260,2019,11,19,1754
41260,2019,11,20,1928
41260,2019,11,21,1735
41260,2019,11,22,1841
41260,2019,11,23,897
41260,2019,11,24,635
41260,2019,11,25,1732
41260,2019,11,26,1746
41260,2019,11,27,1492
41260,2019,11,28,533
41260,2019,11,29,1071
41260,2019,11,30,821
41260,2019,12,1,683
41260,2019,12,2,1666
41260,2019,12,3,1818
41260,2019,12,4,1766
41260,2019,12,5,1815
41260,2019,12,6,1756
41260,2019,12,7,862
41260,2019,12,8,652
41260,2019,12,9,1635
41260,2019,12,10,1721
41260,2019,12,11,1630
41260,2019,12,12,1709
41260,2019,12,13,1744
41260,2019,12,14,833
41260,2019,12,15,531
41260,2019,12,16,1617
41260,2019,12,17,1667
41260,2019,12,18,1657
41260,2019,12,19,1739
41260,2019,12,20,1615
41260,2019,12,21,812
41260,2019,12,22,669
41260,2019,12,23,1420
41260,2019,12,24,1073
41260,2019,12,25,438
41260,2019,12,26,1146
41260,2019,12,27,1243
41260,2019,12,28,774
41260,2019,12,29,582
41260,2019,12,30,1281
41260,2019,12,31,1228
41500,2019,1,1,695
41500,2019,1,2,2180
41500,2019,1,3,2436
41500,2019,1,4,2285
41500,2019,1,5,1271
41500,2019,1,6,835
41500,2019,1,7,2514
41500,2019,1,8,2600
41500,2019,1,9,2637
41500,2019,1,10,2667
41500,2019,1,11,2639
41500,2019,1,12,1340
41500,2019,1,13,933
41500,2019,1,14,2613
41500,2019,1,15,2624
41500,2019,1,16,2697
41500,2019,1,17,2725
41500,2019,1,18,2643
41500,2019,1,19,1343
41500,2019,1,20,896
41500,2019,1,21,1490
41500,2019,1,22,2640
41500,2019,1,23,2681
41500,2019,1,24,2760
41500,2019,1,25,2128
41500,2019,1,26,1157
41500,2019,1,27,751
41500,2019,1,28,2697
41500,2019,1,29,2122
41500,2019,1,30,283
41500,2019,1,31,895
41500,2019,2,1,2428
41500,2019,2,2,1316
41500,2019,2,3,892
41500,2019,2,4,2638
41500,2019,2,5,2753
41500,2019,2,6,2640
41500,2019,2,7,2672
41500,2019,2,8,2411
41500,2019,2,9,1294
41500,2019,2,10,905
41500,2019,2,11,2581
41500,2019,2,12,2789
41500,2019,2,13,2723
41500,2019,2,14,2825
41500,2019,2,15,2478
41500,2019,2,16,1305
41500,2019,2,17,888
41500,2019,2,18,1853
41500,2019,2,19,2758
41500,2019,2,20,2704
41500,2019,2,21,2694
41500,2019,2,22,2457
41500,2019,2,23,1224
41500,2019,2,24,877
41500,2019,2,25,2512
41500,2019,2,26,2562
41500,2019,2,27,2737
41500,2019,2,28,2671
41500,2019,3,1,2492
41500,2019,3,2,1329
41500,2019,3,3,828
41500,2019,3,4,2411
41500,2019,3,5,2714
41500,2019,3,6,2595
41500,2019,3,7,2734
41500,2019,3,8,2551
41500,2019,3,9,1254
41500,2019,3,10,927
41500,2019,3,11,2551
41500,2019,3,12,2794
41500,2019,3,13,2594
41500,2019,3,14,2722
41500,2019,3,15,2563
41500,2019,3,16,1839
41500,2019,3,17,923
41500,2019,3,18,2598
41500,2019,3,19,2666
41500,2019,3,20,2649
41500,2019,3,21,2615
41500,2019,3,22,2492
41500,2019,3,23,1394
41500,2019,3,24,882
41500,2019,3,25,2576
41500,2019,3,26,2626
41500,2019,3,27,2661
41500,2019,3,28,2616
41500,2019,3,29,2520
41500,2019,3,30,1287
41500,2019,3,31,892
41500,2019,4,1,2525
41500,2019,4,2,2625
41500,2019,4,3,2715
41500,2019,4,4,2707
41500,2019,4,5,2463
41500,2019,4,6,1427
41500,2019,4,7,1007
41500,2019,4,8,2644
41500,2019,4,9,2761
41500,2019,4,10,2665
41500,2019,4,11,2726
41500,2019,4,12,2554
41500,2019,4,13,1421
41500,2019,4,14,693
41500,2019,4,15,2389
41500,2019,4,16,2459
41500,2019,4,17,2446
41500,2019,4,18,2507
41500,2019,4,19,2137
41500,2019,4,20,1135
41500,2019,4,21,768
41500,2019,4,22,2492
41500,2019,4,23,2627
41500,2019,4,24,2631
41500,2019,4,25,2726
41500,2019,4,26,2538
41500,2019,4,27,1244
41500,2019,4,28,1064
41500,2019,4,29,2524
41500,2019,4,30,2648
41500,2019,5,1,2681
41500,2019,5,2,2676
41500,2019,5,3,2565
41500,2019,5,4,1501
41500,2019,5,5,1025
41500,2019,5,6,2648
41500,2019,5,7,2708
41500,2019,5,8,2744
41500,2019,5,9,2707
41500,2019,5,10,2652
41500,2019,5,11,1377
41500,2019,5,12,893
41500,2019,5,13,2533
41500,2019,5,14,2673
41500,2019,5,15,2636
41500,2019,5,16,2669
41500,2019,5,17,2520
41500,2019,5,18,1348
41500,2019,5,19,904
41500,2019,5,20,2556
41500,2019,5,21,2660
41500,2019,5,22,2758
41500,2019,5,23,2808
41500,2019,5,24,2315
41500,2019,5,25,1414
41500,2019,5,26,1135
41500,2019,5,27,674
41500,2019,5,28,2679
41500,2019,5,29,2891
41500,2019,5,30,2917
41500,2019,5,31,2882
41500,2019,6,1,1429
41500,2019,6,2,1099
41500,2019,6,3,2706
41500,2019,6,4,2722
41500,2019,6,5,2816
41500,2019,6,6,2762
41500,2019,6,7,2711
41500,2019,6,8,1542
41500,2019,6,9,984
41500,2019,6,10,2534
41500,2019,6,11,2839
41500,2019,6,12,2691
41500,2019,6,13,2779
41500,2019,6,14,2732
41500,2019,6,15,1378
41500,2019,6,16,951
41500,2019,6,17,2581
41500,2019,6,18,2857
41500,2019,6,19,2725
41500,2019,6,20,2884
41500,2019,6,21,2615
41500,2019,6,22,1802
41500,2019,6,23,1032
41500,2019,6,24,2532
41500,2019,6,25,2758
41500,2019,6,26,2736
41500,2019,6,27,2702
41500,2019,6,28,2653
41500,2019,6,29,1434
41500,2019,6,30,1645
41500,2019,7,1,2493
41500,2019,7,2,2604
41500,2019,7,3,2467
41500,2019,7,4,989
41500,2019,7,5,1588
41500,2019,7,6,1318
41500,2019,7,7,943
41500,2019,7,8,2527
41500,2019,7,9,2781
41500,2019,7,10,2724
41500,2019,7,11,2803
41500,2019,7,12,2769
41500,2019,7,13,1618
41500,2019,7,14,1212
41500,2019,7,15,2579
41500,2019,7,16,2771
41500,2019,7,17,2790
41500,2019,7,18,2535
41500,2019,7,19,2452
41500,2019,7,20,1417
41500,2019,7,21,1038
41500,2019,7,22,2615
41500,2019,7,23,2745
41500,2019,7,24,2770
41500,2019,7,25,2755
41500,2019,7,26,2617
41500,2019,7,27,1424
41500,2019,7,28,1006
41500,2019,7,29,2509
41500,2019,7,30,2779
41500,2019,7,31,2755
41500,2019,8,1,2885
41500,2019,8,2,2768
41500,2019,8,3,1637
41500,2019,8,4,1237
41500,2019,8,5,2597
41500,2019,8,6,2771
41500,2019,8,7,2806
41500,2019,8,8,2739
41500,2019,8,9,2550
41500,2019,8,10,1487
41500,2019,8,11,1029
41500,2019,8,12,2555
41500,2019,8,13,2735
41500,2019,8,14,2692
41500,2019,8,15,2715
41500,2019,8,16,2686
41500,2019,8,17,1427
41500,2019,8,18,932
41500,2019,8,19,2553
41500,2019,8,20,2689
41500,2019,8,21,2675
41500,2019,8,22,2708
41500,2019,8,23,2553
41500,2019,8,24,1417
41500,2019,8,25,990
41500,2019,8,26,2454
41500,2019,8,27,2693
41500,2019,8,28,2732
41500,2019,8,29,2631
41500,2019,8,30,2384
41500,2019,8,31,1421
41500,2019,9,1,1119
41500,2019,9,2,825
41500,2019,9,3,2713
41500,2019,9,4,2751
41500,2019,9,5,2914
41500,2019,9,6,2781
41500,2019,9,7,1404
41500,2019,9,8,927
41500,2019,9,9,2787
41500,2019,9,10,2884
41500,2019,9,11,2839
41500,2019,9,12,2858
41500,2019,9,13,2682
41500,2019,9,14,1903
41500,2019,9,15,1181
41500,2019,9,16,2784
41500,2019,9,17,2898
41500,2019,9,18,2878
41500,2019,9,19,2820
41500,2019,9,20,2838
41500,2019,9,21,1568
41500,2019,9,22,1003
41500,2019,9,23,2715
41500,2019,9,24,2794
41500,2019,9,25,2813
41500,2019,9,26,2799
41500,2019,9,27,2478
41500,2019,9,28,1408
41500,2019,9,29,949
41500,2019,9,30,2638
41500,2019,10,1,2906
41500,2019,10,2,2818
41500,2019,10,3,2757
41500,2019,10,4,2620
41500,2019,10,5,1449
41500,2019,10,6,1063
41500,2019,10,7,2712
41500,2019,10,8,2871
41500,2019,10,9,2830
41500,2019,10,10,2953
41500,2019,10,11,2602
41500,2019,10,12,1311
41500,2019,10,13,1222
41500,2019,10,14,2398
41500,2019,10,15,2911
41500,2019,10,16,2936
41500,2019,10,17,2866
41500,2019,10,18,2666
41500,2019,10,19,1729
41500,2019,10,20,1138
41500,2019,10,21,2659
41500,2019,10,22,2874
41500,2019,10,23,2956
41500,2019,10,24,2824
41500,2019,10,25,2679
41500,2019,10,26,1327
41500,2019,10,27,1109
41500,2019,10,28,2718
41500,2019,10,29,3025
41500,2019,10,30,2784
41500,2019,10,31,2738
41500,2019,11,1,2682
41500,2019,11,2,1457
41500,2019,11,3,1022
41500,2019,11,4,2803
41500,2019,11,5,2892
41500,2019,11,6,2927
41500,2019,11,7,2962
41500,2019,11,8,2580
41500,2019,11,9,1368
41500,2019,11,10,1007
41500,2019,11,11,2477
41500,2019,11,12,2802
41500,2019,11,13,2764
41500,2019,11,14,2935
41500,2019,11,15,2668
41500,2019,11,16,1531
41500,2019,11,17,1080
41500,2019,11,18,2636
41500,2019,11,19,2850
41500,2019,11,20,2892
41500,2019,11,21,2806
41500,2019,11,22,2796
41500,2019,11,23,1665
41500,2019,11,24,1069
41500,2019,11,25,2604
41500,2019,11,26,2663
41500,2019,11,27,2085
41500,2019,11,28,403
41500,2019,11,29,1105
41500,2019,11,30,1018
41500,2019,12,1,802
41500,2019,12,2,2533
41500,2019,12,3,2838
41500,2019,12,4,2804
41500,2019,12,5,2871
41500,2019,12,6,2665
41500,2019,12,7,1592
41500,2019,12,8,960
41500,2019,12,9,2582
41500,2019,12,10,2650
41500,2019,12,11,2636
41500,2019,12,12,2695
41500,2019,12,13,2614
41500,2019,12,14,1416
41500,2019,12,15,934
41500,2019,12,16,2654
41500,2019,12,17,2759
41500,2019,12,18,2713
41500,2019,12,19,2726
41500,2019,12,20,2587
41500,2019,12,21,1265
41500,2019,12,22,966
41500,2019,12,23,1643
41500,2019,12,24,881
41500,2019,12,25,261
41500,2019,12,26,1215
41500,2019,12,27,1532
41500,2019,12,28,953
41500,2019,12,29,757
41500,2019,12,30,1778
41500,2019,12,31,1685
41440,2019,1,1,464
41440,2019,1,2,1770
41440,2019,1,3,1930
41440,2019,1,4,1897
41440,2019,1,5,1026
41440,2019,1,6,680
41440,2019,1,7,2544
41440,2019,1,8,2744
41440,2019,1,9,2666
41440,2019,1,10,2630
41440,2019,1,11,2568
41440,2019,1,12,1029
41440,2019,1,13,671
41440,2019,1,14,2551
41440,2019,1,15,2684
41440,2019,1,16,2696
41440,2019,1,17,2679
41440,2019,1,18,2592
41440,2019,1,19,1012
41440,2019,1,20,642
41440,2019,1,21,1214
41440,2019,1,22,2605
41440,2019,1,23,2600
41440,2019,1,24,2551
41440,2019,1,25,2106
41440,2019,1,26,756
41440,2019,1,27,600
41440,2019,1,28,2634
41440,2019,1,29,2048
41440,2019,1,30,209
41440,2019,1,31,685
41440,2019,2,1,2190
41440,2019,2,2,952
41440,2019,2,3,651
41440,2019,2,4,2647
41440,2019,2,5,2698
41440,2019,2,6,2709
41440,2019,2,7,2660
41440,2019,2,8,2343
41440,2019,2,9,981
41440,2019,2,10,637
41440,2019,2,11,2505
41440,2019,2,12,2669
41440,2019,2,13,2701
41440,2019,2,14,2716
41440,2019,2,15,2403
41440,2019,2,16,960
41440,2019,2,17,651
41440,2019,2,18,1572
41440,2019,2,19,2659
41440,2019,2,20,2637
41440,2019,2,21,2616
41440,2019,2,22,2536
41440,2019,2,23,847
41440,2019,2,24,611
41440,2019,2,25,2465
41440,2019,2,26,2565
41440,2019,2,27,2607
41440,2019,2,28,2538
41440,2019,3,1,2468
41440,2019,3,2,1109
41440,2019,3,3,619
41440,2019,3,4,2405
41440,2019,3,5,2529
41440,2019,3,6,2662
41440,2019,3,7,2588
41440,2019,3,8,2543
41440,2019,3,9,986
41440,2019,3,10,666
41440,2019,3,11,2676
41440,2019,3,12,2836
41440,2019,3,13,2786
41440,2019,3,14,2777
41440,2019,3,15,2609
41440,2019,3,16,1790
41440,2019,3,17,718
41440,2019,3,18,2706
41440,2019,3,19,2728
41440,2019,3,20,2691
41440,2019,3,21,2668
41440,2019,3,22,2515
41440,2019,3,23,1156
41440,2019,3,24,705
41440,2019,3,25,2567
41440,2019,3,26,2795
41440,2019,3,27,2755
41440,2019,3,28,2662
41440,2019,3,29,2520
41440,2019,3,30,1006
41440,2019,3,31,694
41440,2019,4,1,2733
41440,2019,4,2,2718
41440,2019,4,3,2809
41440,2019,4,4,2747
41440,2019,4,5,2238
41440,2019,4,6,1115
41440,2019,4,7,669
41440,2019,4,8,2633
41440,2019,4,9,2488
41440,2019,4,10,2516
41440,2019,4,11,2415
41440,2019,4,12,2501
41440,2019,4,13,1064
41440,2019,4,14,514
41440,2019,4,15,2146
41440,2019,4,16,2197
41440,2019,4,17,2209
41440,2019,4,18,2116
41440,2019,4,19,1744
41440,2019,4,20,886
41440,2019,4,21,549
41440,2019,4,22,2479
41440,2019,4,23,2716
41440,2019,4,24,2752
41440,2019,4,25,2691
41440,2019,4,26,2529
41440,2019,4,27,890
41440,2019,4,28,721
41440,2019,4,29,2483
41440,2019,4,30,2583
41440,2019,5,1,2712
41440,2019,5,2,2594
41440,2019,5,3,2556
41440,2019,5,4,1105
41440,2019,5,5,858
41440,2019,5,6,2592
41440,2019,5,7,2696
41440,2019,5,8,2888
41440,2019,5,9,2706
41440,2019,5,10,2615
41440,2019,5,11,1002
41440,2019,5,12,652
41440,2019,5,13,2686
41440,2019,5,14,2836
41440,2019,5,15,2805
41440,2019,5,16,2720
41440,2019,5,17,2410
41440,2019,5,18,998
41440,2019,5,19,749
41440,2019,5,20,2594
41440,2019,5,21,2738
41440,2019,5,22,2805
41440,2019,5,23,2762
41440,2019,5,24,2403
41440,2019,5,25,1130
41440,2019,5,26,791
41440,2019,5,27,523
41440,2019,5,28,2736
41440,2019,5,29,2850
41440,2019,5,30,2875
41440,2019,5,31,2727
41440,2019,6,1,1181
41440,2019,6,2,870
41440,2019,6,3,2753
41440,2019,6,4,2832
41440,2019,6,5,2911
41440,2019,6,6,2761
41440,2019,6,7,2684
41440,2019,6,8,1304
41440,2019,6,9,872
41440,2019,6,10,2669
41440,2019,6,11,2683
41440,2019,6,12,2514
41440,2019,6,13,2675
41440,2019,6,14,2609
41440,2019,6,15,1003
41440,2019,6,16,771
41440,2019,6,17,2485
41440,2019,6,18,2713
41440,2019,6,19,2704
41440,2019,6,20,2677
41440,2019,6,21,2220
41440,2019,6,22,1210
41440,2019,6,23,723
41440,2019,6,24,2298
41440,2019,6,25,2527
41440,2019,6,26,2353
41440,2019,6,27,2302
41440,2019,6,28,2231
41440,2019,6,29,1083
41440,2019,6,30,1048
41440,2019,7,1,2198
41440,2019,7,2,2173
41440,2019,7,3,2078
41440,2019,7,4,744
41440,2019,7,5,1248
41440,2019,7,6,958
41440,2019,7,7,714
41440,2019,7,8,2308
41440,2019,7,9,2382
41440,2019,7,10,2387
41440,2019,7,11,2437
41440,2019,7,12,2238
41440,2019,7,13,1170
41440,2019,7,14,850
41440,2019,7,15,2282
41440,2019,7,16,2456
41440,2019,7,17,2338
41440,2019,7,18,2202
41440,2019,7,19,2120
41440,2019,7,20,1026
41440,2019,7,21,805
41440,2019,7,22,2206
41440,2019,7,23,2344
41440,2019,7,24,2335
41440,2019,7,25,2349
41440,2019,7,26,2218
41440,2019,7,27,1054
41440,2019,7,28,829
41440,2019,7,29,2212
41440,2019,7,30,2426
41440,2019,7,31,2379
41440,2019,8,1,2479
41440,2019,8,2,2409
41440,2019,8,3,1294
41440,2019,8,4,1049
41440,2019,8,5,2275
41440,2019,8,6,2291
41440,2019,8,7,2285
41440,2019,8,8,2308
41440,2019,8,9,2189
41440,2019,8,10,1126
41440,2019,8,11,783
41440,2019,8,12,2162
41440,2019,8,13,2265
41440,2019,8,14,2289
41440,2019,8,15,2281
41440,2019,8,16,2136
41440,2019,8,17,1085
41440,2019,8,18,734
41440,2019,8,19,2260
41440,2019,8,20,2366
41440,2019,8,21,2426
41440,2019,8,22,2431
41440,2019,8,23,2142
41440,2019,8,24,1084
41440,2019,8,25,729
41440,2019,8,26,2118
41440,2019,8,27,2385
41440,2019,8,28,2360
41440,2019,8,29,2418
41440,2019,8,30,2080
41440,2019,8,31,1100
41440,2019,9,1,852
41440,2019,9,2,788
41440,2019,9,3,2641
41440,2019,9,4,2667
41440,2019,9,5,2829
41440,2019,9,6,2679
41440,2019,9,7,1126
41440,2019,9,8,724
41440,2019,9,9,2677
41440,2019,9,10,2789
41440,2019,9,11,2769
41440,2019,9,12,2809
41440,2019,9,13,2694
41440,2019,9,14,1181
41440,2019,9,15,847
41440,2019,9,16,2730
41440,2019,9,17,2795
41440,2019,9,18,2787
41440,2019,9,19,2862
41440,2019,9,20,2713
41440,2019,9,21,1168
41440,2019,9,22,720
41440,2019,9,23,2775
41440,2019,9,24,2857
41440,2019,9,25,2841
41440,2019,9,26,2883
41440,2019,9,27,2380
41440,2019,9,28,1032
41440,2019,9,29,760
41440,2019,9,30,2667
41440,2019,10,1,2777
41440,2019,10,2,2762
41440,2019,10,3,2864
41440,2019,10,4,2542
41440,2019,10,5,1186
41440,2019,10,6,883
41440,2019,10,7,2724
41440,2019,10,8,2810
41440,2019,10,9,2717
41440,2019,10,10,2760
41440,2019,10,11,2541
41440,2019,10,12,1098
41440,2019,10,13,1041
41440,2019,10,14,2012
41440,2019,10,15,2771
41440,2019,10,16,2764
41440,2019,10,17,2397
41440,2019,10,18,2311
41440,2019,10,19,1169
41440,2019,10,20,827
41440,2019,10,21,2370
41440,2019,10,22,2435
41440,2019,10,23,2591
41440,2019,10,24,2374
41440,2019,10,25,2257
41440,2019,10,26,870
41440,2019,10,27,781
41440,2019,10,28,2352
41440,2019,10,29,2520
41440,2019,10,30,2367
41440,2019,10,31,2221
41440,2019,11,1,2560
41440,2019,11,2,974
41440,2019,11,3,709
41440,2019,11,4,2708
41440,2019,11,5,2758
41440,2019,11,6,2764
41440,2019,11,7,2746
41440,2019,11,8,2200
41440,2019,11,9,1062
41440,2019,11,10,654
41440,2019,11,11,1923
41440,2019,11,12,2656
41440,2019,11,13,2669
41440,2019,11,14,2423
41440,2019,11,15,2526
41440,2019,11,16,1174
41440,2019,11,17,713
41440,2019,11,18,2693
41440,2019,11,19,2720
41440,2019,11,20,2755
41440,2019,11,21,2612
41440,2019,11,22,2711
41440,2019,11,23,1112
41440,2019,11,24,750
41440,2019,11,25,2548
41440,2019,11,26,2426
41440,2019,11,27,1832
41440,2019,11,28,293
41440,2019,11,29,860
41440,2019,11,30,669
41440,2019,12,1,553
41440,2019,12,2,2516
41440,2019,12,3,2682
41440,2019,12,4,2688
41440,2019,12,5,2777
41440,2019,12,6,2611
41440,2019,12,7,1347
41440,2019,12,8,729
41440,2019,12,9,2539
41440,2019,12,10,2641
41440,2019,12,11,2567
41440,2019,12,12,2586
41440,2019,12,13,2512
41440,2019,12,14,1102
41440,2019,12,15,715
41440,2019,12,16,2524
41440,2019,12,17,2665
41440,2019,12,18,2548
41440,2019,12,19,2563
41440,2019,12,20,2372
41440,2019,12,21,988
41440,2019,12,22,622
41440,2019,12,23,1429
41440,2019,12,24,652
41440,2019,12,25,166
41440,2019,12,26,974
41440,2019,12,27,1126
41440,2019,12,28,726
41440,2019,12,29,598
41440,2019,12,30,1465
41440,2019,12,31,1370
41660,2019,1,1,6732
41660,2019,1,2,18534
41660,2019,1,3,19893
41660,2019,1,4,20014
41660,2019,1,5,9448
41660,2019,1,6,6332
41660,2019,1,7,19556
41660,2019,1,8,20698
41660,2019,1,9,20486
41660,2019,1,10,20538
41660,2019,1,11,20527
41660,2019,1,12,9280
41660,2019,1,13,6353
41660,2019,1,14,21027
41660,2019,1,15,21480
41660,2019,1,16,21425
41660,2019,1,17,21341
41660,2019,1,18,20796
41660,2019,1,19,8959
41660,2019,1,20,6564
41660,2019,1,21,11401
41660,2019,1,22,21745
41660,2019,1,23,21688
41660,2019,1,24,21328
41660,2019,1,25,19613
41660,2019,1,26,8861
41660,2019,1,27,6128
41660,2019,1,28,20542
41660,2019,1,29,18333
41660,2019,1,30,2913
41660,2019,1,31,7514
41660,2019,2,1,20205
41660,2019,2,2,9219
41660,2019,2,3,6470
41660,2019,2,4,20939
41660,2019,2,5,21834
41660,2019,2,6,21237
41660,2019,2,7,22315
41660,2019,2,8,19882
41660,2019,2,9,10346
41660,2019,2,10,6707
41660,2019,2,11,20970
41660,2019,2,12,20158
41660,2019,2,13,21301
41660,2019,2,14,22003
41660,2019,2,15,20976
41660,2019,2,16,10634
41660,2019,2,17,7594
41660,2019,2,18,14154
41660,2019,2,19,21458
41660,2019,2,20,20981
41660,2019,2,21,20896
41660,2019,2,22,20421
41660,2019,2,23,9935
41660,2019,2,24,7011
41660,2019,2,25,20406
41660,2019,2,26,21010
41660,2019,2,27,21176
41660,2019,2,28,21292
41660,2019,3,1,19865
41660,2019,3,2,9935
41660,2019,3,3,6627
41660,2019,3,4,18845
41660,2019,3,5,21343
41660,2019,3,6,21165
41660,2019,3,7,20727
41660,2019,3,8,20156
41660,2019,3,9,9411
41660,2019,3,10,6659
41660,2019,3,11,20687
41660,2019,3,12,21201
41660,2019,3,13,21185
41660,2019,3,14,21115
41660,2019,3,15,21394
41660,2019,3,16,21768
41660,2019,3,17,8446
41660,2019,3,18,20833
41660,2019,3,19,21221
41660,2019,3,20,20893
41660,2019,3,21,20847
41660,2019,3,22,20082
41660,2019,3,23,10785
41660,2019,3,24,7165
41660,2019,3,25,20550
41660,2019,3,26,20586
41660,2019,3,27,20278
41660,2019,3,28,20263
41660,2019,3,29,19554
41660,2019,3,30,9972
41660,2019,3,31,6842
41660,2019,4,1,20258
41660,2019,4,2,20748
41660,2019,4,3,21248
41660,2019,4,4,21371
41660,2019,4,5,20974
41660,2019,4,6,12248
41660,2019,4,7,7449
41660,2019,4,8,21482
41660,2019,4,9,20851
41660,2019,4,10,21824
41660,2019,4,11,21424
41660,2019,4,12,21089
41660,2019,4,13,12418
41660,2019,4,14,6006
41660,2019,4,15,19090
41660,2019,4,16,19477
41660,2019,4,17,19270
41660,2019,4,18,19350
41660,2019,4,19,19396
41660,2019,4,20,11358
41660,2019,4,21,7663
41660,2019,4,22,19168
41660,2019,4,23,21935
41660,2019,4,24,21988
41660,2019,4,25,22354
41660,2019,4,26,20885
41660,2019,4,27,9463
41660,2019,4,28,7834
41660,2019,4,29,19473
41660,2019,4,30,20549
41660,2019,5,1,20206
41660,2019,5,2,20846
41660,2019,5,3,22586
41660,2019,5,4,12612
41660,2019,5,5,9344
41660,2019,5,6,20600
41660,2019,5,7,21586
41660,2019,5,8,21719
41660,2019,5,9,21479
41660,2019,5,10,22412
41660,2019,5,11,12993
41660,2019,5,12,8525
41660,2019,5,13,19636
41660,2019,5,14,20209
41660,2019,5,15,19818
41660,2019,5,16,19637
41660,2019,5,17,20052
41660,2019,5,18,11090
41660,2019,5,19,8298
41660,2019,5,20,21273
41660,2019,5,21,21143
41660,2019,5,22,21985
41660,2019,5,23,21757
41660,2019,5,24,20097
41660,2019,5,25,12075
41660,2019,5,26,10159
41660,2019,5,27,7285
41660,2019,5,28,20022
41660,2019,5,29,20250
41660,2019,5,30,20788
41660,2019,5,31,21120
41660,2019,6,1,9820
41660,2019,6,2,8255
41660,2019,6,3,21195
41660,2019,6,4,21628
41660,2019,6,5,22230
41660,2019,6,6,23477
41660,2019,6,7,23223
41660,2019,6,8,14944
41660,2019,6,9,9406
41660,2019,6,10,20496
41660,2019,6,11,21575
41660,2019,6,12,20478
41660,2019,6,13,22408
41660,2019,6,14,24291
41660,2019,6,15,12107
41660,2019,6,16,8857
41660,2019,6,17,20472
41660,2019,6,18,23461
41660,2019,6,19,23182
41660,2019,6,20,23679
41660,2019,6,21,21039
41660,2019,6,22,13005
41660,2019,6,23,8271
41660,2019,6,24,18935
41660,2019,6,25,22356
41660,2019,6,26,23765
41660,2019,6,27,23783
41660,2019,6,28,21762
41660,2019,6,29,12805
41660,2019,6,30,16568
41660,2019,7,1,20599
41660,2019,7,2,21239
41660,2019,7,3,20291
41660,2019,7,4,10080
41660,2019,7,5,14499
41660,2019,7,6,11552
41660,2019,7,7,8660
41660,2019,7,8,20389
41660,2019,7,9,22554
41660,2019,7,10,21676
41660,2019,7,11,22365
41660,2019,7,12,23861
41660,2019,7,13,14035
41660,2019,7,14,9541
41660,2019,7,15,22091
41660,2019,7,16,23355
41660,2019,7,17,23602
41660,2019,7,18,21003
41660,2019,7,19,23034
41660,2019,7,20,13291
41660,2019,7,21,10579
41660,2019,7,22,21059
41660,2019,7,23,21687
41660,2019,7,24,22467
41660,2019,7,25,22667
41660,2019,7,26,20705
41660,2019,7,27,11719
41660,2019,7,28,8415
41660,2019,7,29,19540
41660,2019,7,30,21453
41660,2019,7,31,22374
41660,2019,8,1,22473
41660,2019,8,2,23832
41660,2019,8,3,14266
41660,2019,8,4,11210
41660,2019,8,5,22427
41660,2019,8,6,22921
41660,2019,8,7,23080
41660,2019,8,8,21436
41660,2019,8,9,21933
41660,2019,8,10,12253
41660,2019,8,11,9291
41660,2019,8,12,20029
41660,2019,8,13,20701
41660,2019,8,14,20706
41660,2019,8,15,20186
41660,2019,8,16,18870
41660,2019,8,17,12047
41660,2019,8,18,7835
41660,2019,8,19,19402
41660,2019,8,20,21143
41660,2019,8,21,21756
41660,2019,8,22,22411
41660,2019,8,23,22204
41660,2019,8,24,12943
41660,2019,8,25,9171
41660,2019,8,26,20047
41660,2019,8,27,20924
41660,2019,8,28,21348
41660,2019,8,29,21217
41660,2019,8,30,21508
41660,2019,8,31,13328
41660,2019,9,1,11148
41660,2019,9,2,9537
41660,2019,9,3,21646
41660,2019,9,4,21346
41660,2019,9,5,22622
41660,2019,9,6,21536
41660,2019,9,7,11867
41660,2019,9,8,8435
41660,2019,9,9,20812
41660,2019,9,10,21844
41660,2019,9,11,22021
41660,2019,9,12,21881
41660,2019,9,13,24388
41660,2019,9,14,14822
41660,2019,9,15,10901
41660,2019,9,16,22223
41660,2019,9,17,21460
41660,2019,9,18,22857
41660,2019,9,19,23374
41660,2019,9,20,23621
41660,2019,9,21,13097
41660,2019,9,22,8417
41660,2019,9,23,21293
41660,2019,9,24,22099
41660,2019,9,25,23001
41660,2019,9,26,22233
41660,2019,9,27,20463
41660,2019,9,28,11333
41660,2019,9,29,8024
41660,2019,9,30,20414
41660,2019,10,1,21351
41660,2019,10,2,21882
41660,2019,10,3,21827
41660,2019,10,4,21019
41660,2019,10,5,10862
41660,2019,10,6,8089
41660,2019,10,7,21052
41660,2019,10,8,21185
41660,2019,10,9,21193
41660,2019,10,10,22778
41660,2019,10,11,22445
41660,2019,10,12,14381
41660,2019,10,13,15979
41660,2019,10,14,20946
41660,2019,10,15,22699
41660,2019,10,16,22295
41660,2019,10,17,23152
41660,2019,10,18,23404
41660,2019,10,19,14801
41660,2019,10,20,9665
41660,2019,10,21,21162
41660,2019,10,22,22582
41660,2019,10,23,24175
41660,2019,10,24,22464
41660,2019,10,25,21689
41660,2019,10,26,10637
41660,2019,10,27,8549
41660,2019,10,28,21768
41660,2019,10,29,22308
41660,2019,10,30,21364
41660,2019,10,31,16701
41660,2019,11,1,21189
41660,2019,11,2,11645
41660,2019,11,3,9122
41660,2019,11,4,21819
41660,2019,11,5,22155
41660,2019,11,6,21700
41660,2019,11,7,22788
41660,2019,11,8,21170
41660,2019,11,9,11861
41660,2019,11,10,8310
41660,2019,11,11,19017
41660,2019,11,12,21987
41660,2019,11,13,22066
41660,2019,11,14,22405
41660,2019,11,15,22459
41660,2019,11,16,13801
41660,2019,11,17,8964
41660,2019,11,18,21573
41660,2019,11,19,22214
41660,2019,11,20,22297
41660,2019,11,21,22127
41660,2019,11,22,25610
41660,2019,11,23,16845
41660,2019,11,24,9528
41660,2019,11,25,21617
41660,2019,11,26,21259
41660,2019,11,27,16988
41660,2019,11,28,6073
41660,2019,11,29,13268
41660,2019,11,30,10283
41660,2019,12,1,8339
41660,2019,12,2,21442
41660,2019,12,3,22191
41660,2019,12,4,22681
41660,2019,12,5,23061
41660,2019,12,6,22880
41660,2019,12,7,14317
41660,2019,12,8,9250
41660,2019,12,9,21108
41660,2019,12,10,21925
41660,2019,12,11,21754
41660,2019,12,12,22193
41660,2019,12,13,21959
41660,2019,12,14,13102
41660,2019,12,15,8685
41660,2019,12,16,20468
41660,2019,12,17,21474
41660,2019,12,18,21165
41660,2019,12,19,21234
41660,2019,12,20,20082
41660,2019,12,21,11926
41660,2019,12,22,9263
41660,2019,12,23,16239
41660,2019,12,24,9871
41660,2019,12,25,3998
41660,2019,12,26,12270
41660,2019,12,27,13898
41660,2019,12,28,9485
41660,2019,12,29,7581
41660,2019,12,30,15332
41660,2019,12,31,13430
